_key,Category,Description,FredID,Frequency,Name,URL
5f2fd8e516e1ee3a18003241,Manufacturing,"U.S. Census Bureau, Value of Manufacturers' New Orders for Consumer Goods Industries",ACOGNO,Monthly,Value of Manufacturers' New Orders for Consumer Goods Industries,https://fred.stlouisfed.org/series/ACOGNO
5f2fd8e516e1ee3a18003242,Corporate Bonds,"This data represents the Option-Adjusted Spread (OAS) of the ICE BofAML US Corporate C Index, a subset of the ICE BofAML US High Yield Master II Index tracking the performance of US dollar denominated below investment grade rated corporate debt publically issued in the US domestic market.",BAMLH0A3HYC,Daily,ICE BofAML US High Yield CCC or Below Option-Adjusted Spread,https://fred.stlouisfed.org/series/BAMLH0A3HYC
5f2fd8e516e1ee3a18003243,Corporate Bonds,"This data represents the effective yield of the ICE BofAML US Corporate C Index, a subset of the ICE BofAML US High Yield Master II Index tracking the performance of US dollar denominated below investment grade rated corporate debt publically issued in the US domestic market.",BAMLH0A3HYCEY,Daily,ICE BofAML US High Yield CCC or Below Effective Yield,https://fred.stlouisfed.org/series/BAMLH0A3HYCEY
5f2fd8e516e1ee3a18003244,Monetary Data,The series equals total balances maintained plus currency in circulation.,BOGMBASEW,Weekly,Monetary Base Total,https://fred.stlouisfed.org/series/BOGMBASEW
5f2fd8e516e1ee3a18003245,Consumer,"The Consumer Price Index for All Urban Consumers: All Items (CPIAUCSL) is a measure of the average monthly change in the price for goods and services paid by urban consumers between any two time periods. This particular index includes roughly 88 percent of the total population. - Units:  Index 1982-1984=100, Seasonally Adjusted",CPIAUCSL,Monthly,Consumer Price Index for All Urban Consumers: All Items,fred.stlouisfed.org/series/CPIAUCSL
5f2fd8e516e1ee3a18003246,Housing,The S&P CoreLogic Case-Shiller U.S. National Home Price NSA Index is a composite of single-family home price indices for the nine U.S. Census divisions and is calculated monthly. Not Seasonally Adjusted,CSUSHPINSA,Monthly,S&P/Case-Shiller U.S. National Home Price Index,https://fred.stlouisfed.org/series/CSUSHPINSA
5f2fd8e516e1ee3a18003247,Corporate Bonds,Moody's Seasoned Aaa Corporate Bond Yield These instruments are based on bonds with maturities 20 years and above. ,DAAA,Daily,Moody's Seasoned Aaa Corporate Bond Yield,https://fred.stlouisfed.org/series/DAAA
5f2fd8e516e1ee3a18003248,Corporate Bonds,Moody's Seasoned Baa Corporate Bond Yield These instruments are based on bonds with maturities 20 years and above.,DBAA,Daily,Moody's Seasoned Baa Corporate Bond Yield,https://fred.stlouisfed.org/series/DBAA
5f2fd8e516e1ee3a18003249,Commodities,"Dollars per Barrel, Not Seasonally Adjusted",DCOILWTICO,Daily,"Crude Oil Prices: West Texas Intermediate (WTI) - Cushing, Oklahoma",https://fred.stlouisfed.org/series/DCOILWTICO
5f2fd8e516e1ee3a1800324a,Exchange Rates,Brazil / U.S. Foreign Exchange Rate Noon buying rates in New York City for cable transfers payable in foreign currencies.,DEXBZUS,Daily,Brazil / U.S. Foreign Exchange Rate,https://fred.stlouisfed.org/series/DEXBZUS
5f2fd8e516e1ee3a1800324b,Exchange Rates,Canada / U.S. Foreign Exchange Rate Noon buying rates in New York City for cable transfers payable in foreign currencies.,DEXCAUS,Daily,Canada / U.S. Foreign Exchange Rate,https://fred.stlouisfed.org/series/DEXCAUS
5f2fd8e516e1ee3a1800324c,Transportation,"U.S. Bureau of Economic Analysis, Light Weight Vehicle Sales: Autos and Light Trucks",ALTSALES,Monthly,Light Weight Vehicle Sales,https://fred.stlouisfed.org/series/ALTSALES
5f2fd8e516e1ee3a1800324d,Exchange Rates,China / U.S. Foreign Exchange Rate Noon buying rates in New York City for cable transfers payable in foreign currencies.,DEXCHUS,Daily,China / U.S. Foreign Exchange Rate,https://fred.stlouisfed.org/series/DEXCHUS
5f2fd8e516e1ee3a1800324e,Exchange Rates,India / U.S. Foreign Exchange Rate Noon buying rates in New York City for cable transfers payable in foreign currencies.,DEXINUS,Daily,India / U.S. Foreign Exchange Rate,https://fred.stlouisfed.org/series/DEXINUS
5f2fd8e516e1ee3a1800324f,Exchange Rates,Japan / U.S. Foreign Exchange Rate Noon buying rates in New York City for cable transfers payable in foreign currencies.,DEXJPUS,Daily,Japan / U.S. Foreign Exchange Rate,https://fred.stlouisfed.org/series/DEXJPUS
5f2fd8e516e1ee3a18003250,Exchange Rates,South Korea / U.S. Foreign Exchange Rate Noon buying rates in New York City for cable transfers payable in foreign currencies.,DEXKOUS,Daily,South Korea / U.S. Foreign Exchange Rate,https://fred.stlouisfed.org/series/DEXKOUS
5f2fd8e516e1ee3a18003251,Exchange Rates,Mexico / U.S. Foreign Exchange Rate Noon buying rates in New York City for cable transfers payable in foreign currencies.,DEXMXUS,Daily,Mexico / U.S. Foreign Exchange Rate,https://fred.stlouisfed.org/series/DEXMXUS
5f2fd8e516e1ee3a18003252,Exchange Rates,U.S. / Australia Foreign Exchange Rate Noon buying rates in New York City for cable transfers payable in foreign currencies.,DEXUSAL,Daily,U.S. / Australia Foreign Exchange Rate,https://fred.stlouisfed.org/series/DEXUSAL
5f2fd8e516e1ee3a18003253,Exchange Rates,U.S. / Euro Foreign Exchange Rate Noon buying rates in New York City for cable transfers payable in foreign currencies.,DEXUSEU,Daily,U.S. / Euro Foreign Exchange Rate,https://fred.stlouisfed.org/series/DEXUSEU
5f2fd8e516e1ee3a18003254,Exchange Rates,U.S. / U.K. Foreign Exchange Rate Noon buying rates in New York City for cable transfers payable in foreign currencies.,DEXUSUK,Daily,U.S. / U.K. Foreign Exchange Rate,https://fred.stlouisfed.org/series/DEXUSUK
5f2fd8e516e1ee3a18003255,Interest Rates,"The federal funds rate is the interest rate at which depository institutions trade federal funds (balances held at Federal Reserve Banks) with each other overnight. When a depository institution has surplus balances in its reserve account, it lends to other banks in need of larger balances. In simpler terms, a bank with excess cash, which is often referred to as liquidity, will lend to another bank that needs to quickly raise liquidity.",DFF,Daily,Effective Federal Funds Rate,https://fred.stlouisfed.org/series/DFF
5f2fd8e516e1ee3a18003256,Manufacturing,"U.S. Bureau of the Census, Manufacturers' New Orders: Durable Goods",DGORDER,Monthly,Manufacturers' New Orders: Durable Goods,https://fred.stlouisfed.org/series/DGORDER
5f2fd8e516e1ee3a18003257,Manufacturing,"U.S. Census Bureau, Value of Manufacturers' New Orders for All Manufacturing Industries",AMTMNO,Monthly,Value of Manufacturers' New Orders for All Manufacturing Industries,https://fred.stlouisfed.org/series/AMTMNO
5f2fd8e516e1ee3a18003258,Interest Rates,Board of Governors of the Federal Reserve System 1-Year Treasury Constant Maturity Rate,DGS1,Daily,1-Year Treasury Constant Maturity Rate,https://fred.stlouisfed.org/series/DGS1
5f2fd8e516e1ee3a18003259,Interest Rates,Board of Governors of the Federal Reserve System 10-Year Treasury Constant Maturity Rate,DGS10,Daily,10-Year Treasury Constant Maturity Rate,https://fred.stlouisfed.org/series/DGS10
5f2fd8e516e1ee3a1800325a,Interest Rates,Board of Governors of the Federal Reserve System 1-Month Treasury Constant Maturity Rate,DGS1MO,Daily,1-Month Treasury Constant Maturity Rate,https://fred.stlouisfed.org/series/DGS1MO
5f2fd8e516e1ee3a1800325b,Interest Rates,Board of Governors of the Federal Reserve System 2-Year Treasury Constant Maturity Rate,DGS2,Daily,2-Year Treasury Constant Maturity Rate,https://fred.stlouisfed.org/series/DGS2
5f2fd8e516e1ee3a1800325c,Interest Rates,Board of Governors of the Federal Reserve System 20-Year Treasury Constant Maturity Rate,DGS20,Daily,20-Year Treasury Constant Maturity Rate,https://fred.stlouisfed.org/series/DGS20
5f2fd8e516e1ee3a1800325d,Interest Rates,Board of Governors of the Federal Reserve System 3-Year Treasury Constant Maturity Rate,DGS3,Daily,5-Year Treasury Constant Maturity Rate,https://fred.stlouisfed.org/series/DGS3
5f2fd8e516e1ee3a1800325e,Interest Rates,Board of Governors of the Federal Reserve System 30-Year Treasury Constant Maturity Rate,DGS30,Daily,30-Year Treasury Constant Maturity Rate,https://fred.stlouisfed.org/series/DGS30
5f2fd8e516e1ee3a1800325f,Interest Rates,Board of Governors of the Federal Reserve System 3-Month Treasury Constant Maturity Rate,DGS3MO,Daily,3-Month Treasury Constant Maturity Rate,https://fred.stlouisfed.org/series/DGS3MO
5f2fd8e516e1ee3a18003260,Interest Rates,Board of Governors of the Federal Reserve System 5-Year Treasury Constant Maturity Rate,DGS5,Daily,5-Year Treasury Constant Maturity Rate,https://fred.stlouisfed.org/series/DGS5
5f2fd8e516e1ee3a18003261,Interest Rates,Board of Governors of the Federal Reserve System 6-Month Treasury Constant Maturity Rate,DGS6MO,Daily,6-Month Treasury Constant Maturity Rate,https://fred.stlouisfed.org/series/DGS6MO
5f2fd8e516e1ee3a18003262,Corporate Bonds,"This data represents the Option-Adjusted Spread (OAS) of the ICE BofAML US Corporate AAA Index, a subset of the ICE BofAML US Corporate Master Index tracking the performance of US dollar denominated investment grade rated corporate debt publically issued in the US domestic market.",BAMLC0A1CAAA,Daily,ICE BofAML US Corporate AAA Option-Adjusted Spread,https://fred.stlouisfed.org/series/BAMLC0A1CAAA
5f2fd8e516e1ee3a18003263,Interest Rates,Board of Governors of the Federal Reserve System 7-Year Treasury Constant Maturity Rate,DGS7,Daily,7-Year Treasury Constant Maturity Rate,https://fred.stlouisfed.org/series/DGS7
5f2fd8e516e1ee3a18003264,Interest Rates,"Board of Governors of the Federal Reserve System (US), 3-Month Treasury Bill: Secondary Market Rate",DTB3,Daily,3-Month Treasury Bill: Secondary Market Rate,https://fred.stlouisfed.org/series/DTB3
5f2fd8e516e1ee3a18003265,Exchange Rates,A weighted average of the foreign exchange value of the U.S. dollar against the currencies of a broad group of major U.S. trading partners.,DTWEXB,Daily,Trade Weighted U.S. Dollar Index: Broad,https://fred.stlouisfed.org/series/DTWEXB
5f2fd8e516e1ee3a18003266,Exchange Rates,A weighted average of the foreign exchange value of the U.S. dollar against a subset of the broad index currencies that circulate widely outside the country of issue.,DTWEXM,Daily,Trade Weighted U.S. Dollar Index: Major Currencies,https://fred.stlouisfed.org/series/DTWEXM
5f2fd8e516e1ee3a18003267,Interest Rates,"The federal funds rate is the interest rate at which depository institutions trade federal funds (balances held at Federal Reserve Banks) with each other overnight. When a depository institution has surplus balances in its reserve account, it lends to other banks in need of larger balances.",FEDFUNDS,Monthly,Effective Federal Funds Rate,https://fred.stlouisfed.org/series/FEDFUNDS
5f2fd8e516e1ee3a18003268,GDP,"Gross domestic product (GDP), the featured measure of U.S. output, is the market value of the goods and services produced by labor and property located in the United States.",GDP,Quarterly,Gross Domestic Product,https://fred.stlouisfed.org/series/GDP
5f2fd8e516e1ee3a18003269,GDP,Real gross domestic product is the inflation adjusted value of the goods and services produced by labor and property located in the United States.,GDPC1,Quarterly,Real Gross Domestic Product,https://fred.stlouisfed.org/series/GDPC1
5f2fd8e516e1ee3a1800326a,Employment,"U.S. Employment and Training Administration, Initial Unemployment Claims - Units:  Number, Seasonally Adjusted",ICSA,Weekly,Initial Claims,fred.stlouisfed.org/series/ICSA
5f2fd8e516e1ee3a1800326b,Industrial Production,"The Industrial Production Index (INDPRO) is an economic indicator that measures real output for all facilities located in the United States manufacturing, mining, and electric, and gas utilities.",INDPRO,Monthly,Industrial Production Index,https://fred.stlouisfed.org/series/INDPRO
5f2fd8e516e1ee3a1800326c,Monetary Data,M1 includes funds that are readily accessible for spending.,M1,Weekly,M1 Money Stock,https://fred.stlouisfed.org/series/M1
5f2fd8e516e1ee3a1800326d,Corporate Bonds,"This data represents the effective yield of the ICE BofAML US Corporate AAA Index, a subset of the ICE BofAML US Corporate Master Index tracking the performance of US dollar denominated investment grade rated corporate debt publically issued in the US domestic market.",BAMLC0A1CAAAEY,Daily,ICE BofAML US Corporate AAA Effective Yield,https://fred.stlouisfed.org/series/BAMLC0A1CAAAEY
5f2fd8e516e1ee3a1800326e,Monetary Data,M2 includes a broader set of financial assets held principally by households.,M2,Weekly,M2 Money Stock,https://fred.stlouisfed.org/series/M2
5f2fd8e516e1ee3a1800326f,Consumer,"Estimation of Median Incomes. The Census Bureau has changed the methodology for computing median income over time. - Units:  2018 CPI-U-RS Adjusted Dollars, Not Seasonally Adjusted",MEHOINUSA672N,Annual,Real Median Household Income in the United States,fred.stlouisfed.org/series/MEHOINUSA672N
5f2fd8e516e1ee3a18003270,Interest Rates,"Freddie Mac, 30-Year Fixed Rate Mortgage Average in the United States",MORTGAGE30US,Weekly,30-Year Fixed Rate Mortgage Average,https://fred.stlouisfed.org/series/MORTGAGE30US
5f2fd8e516e1ee3a18003271,Employment,"Automatic Data Processing, Inc., Total Nonfarm Private Payroll Employment - Units:  Thousands, Seasonally Adjusted",NPPTTL,Monthly,Total Nonfarm Private Payroll Employment,fred.stlouisfed.org/series/NPPTTL
5f2fd8e516e1ee3a18003272,Employment,"Total Nonfarm, commonly known as Total Nonfarm Payroll, is a measure of the number of U.S. workers in the economy that excludes proprietors, private household employees, unpaid volunteers, farm employees, and the unincorporated self-employed. - Units:  Thousands of Persons, Seasonally Adjusted",PAYEMS,Monthly,All Employees: Total Nonfarm Payrolls,fred.stlouisfed.org/series/PAYEMS
5f2fd8e516e1ee3a18003273,Consumer,"A Guide to the National Income and Product Accounts of the United States (NIPA) - (http://www.bea.gov/national/pdf/nipaguid.pdf) - Units:  Billions of Dollars, Seasonally Adjusted Annual Rate",PCE,Monthly,Personal Consumption Expenditures,fred.stlouisfed.org/series/PCE
5f2fd8e516e1ee3a18003274,Housing,New Private Housing Units Authorized by Building Permits,PERMIT,Monthly,New Private Housing Units Authorized by Building Permits,https://fred.stlouisfed.org/series/PERMIT
5f2fd8e516e1ee3a18003275,Financial Activity Measures,"The STLFSI2 measures the degree of financial stress in the markets and is constructed from 18 weekly data series, all of which are weekly averages of daily data series: seven interest rates, six yield spreads, and five other indicators.  Zero is viewed as representing normal financial market conditions. Values below zero suggest below-average financial market stress, while values above zero suggest above-average financial market stress.",STLFSI2,Weekly,St. Louis Fed Financial Stress Index,https://fred.stlouisfed.org/series/STLFSI2
5f2fd8e516e1ee3a18003276,Interest Rates,Series is calculated as the spread between 10-Year Treasury Constant Maturity (BC_10YEAR) and 2-Year Treasury Constant Maturity (BC_2YEAR). Both underlying series are published at the U.S. Treasury Department.,T10Y2Y,Daily,10-Year Treasury Constant Maturity Minus 2-Year Treasury Constant Maturity,https://fred.stlouisfed.org/series/T10Y2Y
5f2fd8e516e1ee3a18003277,Corporate Bonds,"This data represents the Option-Adjusted Spread (OAS) of the ICE BofAML US Corporate BBB Index, a subset of the ICE BofAML US Corporate Master Index tracking the performance of US dollar denominated investment grade rated corporate debt publically issued in the US domestic market.",BAMLC0A4CBBB,Daily,ICE BofAML US Corporate BBB Option-Adjusted Spread,https://fred.stlouisfed.org/series/BAMLC0A4CBBB
5f2fd8e516e1ee3a18003278,Interest Rates,"Board of Governors of the Federal Reserve System (US), 3-Month Treasury Bill: Secondary Market Rate",TB3MS,Monthly,3-Month Treasury Bill Secondary Market Rate,https://fred.stlouisfed.org/series/TB3MS
5f2fd8e516e1ee3a18003279,Transportation,"U.S. Bureau of Economic Analysis, Total Vehicle Sales Millions of Units, Seasonally Adjusted Annual Rate",TOTALSA,Monthly,Total Vehicle Sales,https://fred.stlouisfed.org/series/TOTALSA
5f2fd8e516e1ee3a1800327a,Banking,"Board of Governors of the Federal Reserve System (US), Commercial and Industrial Loans, All Commercial Banks",TOTCI,Weekly,Commercial and Industrial Loans: All Commercial Banks,https://fred.stlouisfed.org/series/TOTCI
5f2fd8e516e1ee3a1800327b,Employment,"The unemployment rate represents the number of unemployed as a percentage of the labor force. Labor force data are restricted to people 16 years of age and older, who currently reside in 1 of the 50 states or the District of Columbia, who do not reside in institutions.",UNRATE,Monthly,Civilian Unemployment Rate,https://fred.stlouisfed.org/series/UNRATE
5f2fd8e516e1ee3a1800327c,Financial Activity Measures,"The leading index for each state predicts the six-month growth rate of the state's coincident index. In addition to the coincident index, the models include other variables that lead the economy: state-level housing permits (1 to 4 units), state initial unemployment insurance claims, delivery times from the Institute for Supply Management (ISM) manufacturing survey, and the interest rate spread between the 10-year Treasury bond and the 3-month Treasury bill.",USSLIND,Monthly,Leading Index for the United States,https://fred.stlouisfed.org/series/USSLIND
5f2fd8e516e1ee3a1800327d,Corporate Bonds,"This data represents the effective yield of the ICE BofAML US Corporate BBB Index, a subset of the ICE BofAML US Corporate Master Index tracking the performance of US dollar denominated investment grade rated corporate debt publically issued in the US domestic market.",BAMLC0A4CBBBEY,Daily,ICE BofAML US Corporate BBB Effective Yield,https://fred.stlouisfed.org/series/BAMLC0A4CBBBEY
5f2fd8e516e1ee3a1800327e,Corporate Bonds,The BofA Merrill Lynch Option-Adjusted Spreads (OASs) are the calculated spreads between a computed OAS index of all bonds in a given rating category and a spot Treasury curve.,BAMLH0A0HYM2,Daily,ICE BofAML US High Yield Master II Option-Adjusted Spread,https://fred.stlouisfed.org/series/BAMLH0A0HYM2
5f2fd8e516e1ee3a1800327f,Corporate Bonds,"This data represents the effective yield of the ICE BofAML US High Yield Master II Index, which tracks the performance of US dollar denominated below investment grade rated corporate debt publically issued in the US domestic market.",BAMLH0A0HYM2EY,Daily,ICE BofAML US High Yield Master II Effective Yield,https://fred.stlouisfed.org/series/BAMLH0A0HYM2EY
5f2fd8e516e1ee3a18003280,Sentiment,Sentiment,MICH,Monthly,University of Michigan Inflation Expectation,https://fred.stlouisfed.org/series/MICH
5f2fd8e516e1ee3a18003281,Volatility Indexes,VIX measures market expectation of near term volatility conveyed by stock index option prices,VIXCLS,Daily,CBOE Volatility Index - VIX,https://fred.stlouisfed.org/series/VIXCLS
5f2fd8e516e1ee3a18003282,Interest Rates,Rate posted by a majority of top 25 (by assets in domestic offices) insured U.S.-chartered commercial banks. Prime is one of several base rates used by banks to price short-term business loans.,DPRIME,Daily,Bank Prime Loan Rate,https://fred.stlouisfed.org/series/DPRIME
5f2fd8e516e1ee3a18003283,Cryptocurrencies,"Coinbase Bitcoin Daily, 7-Day  All data is as of 5 PM PST.",CBBTCUSD,Daily,Coinbase Bitcoin,https://fred.stlouisfed.org/series/CBBTCUSD
5f2fd8e516e1ee3a18003284,Commercial Paper,"Board of Governors of the Federal Reserve System (US), 3-Month AA Financial Commercial Paper Rate",DCPF3M,Daily,3-Month AA Financial Commercial Paper Rate,https://fred.stlouisfed.org/series/DCPF3M
5f2fd8e516e1ee3a18003285,Volatility Indexes,"Chicago Board Options Exchange, CBOE Gold ETF Volatility Index",GVZCLS,Daily,CBOE Gold ETF Volatility Index,https://fred.stlouisfed.org/series/GVZCLS
5f2fd8e516e1ee3a18003286,Volatility Indexes,"Chicago Board Options Exchange, CBOE Crude Oil ETF Volatility Index",OVXCLS,Daily,CBOE Crude Oil ETF Volatility Index,https://fred.stlouisfed.org/series/OVXCLS
5f2fd8e516e1ee3a18003287,Recession Indicators,This time series is an interpretation of US Business Cycle Expansions and Contractions data provided by The National Bureau of Economic Research (NBER),USRECD,Daily,NBER based Recession Indicators for the United States,https://fred.stlouisfed.org/series/USRECD
5f2fd8e516e1ee3a18003288,Recession Indicators,This time series is an interpretation of Organisation of Economic Development (OECD) Composite Leading Indicators,USARECDM,Daily,OECD based Recession Indicators for the United States,https://fred.stlouisfed.org/series/USARECDM
5f2fd8e516e1ee3a18003289,Cryptocurrencies,"Coinbase Ethereum Daily, 7-Day  All data is as of 5 PM PST.",CBETHUSD,Daily,Coinbase Ethereum,https://fred.stlouisfed.org/series/CBETHUSD
5f2fd8e516e1ee3a1800328a,Cryptocurrencies,"Coinbase Litecoin Daily, 7-Day  All data is as of 5 PM PST.",CBLTCUSD,Daily,Coinbase Litecoin,https://fred.stlouisfed.org/series/CBLTCUSD
5f2fd8e516e1ee3a1800328b,Cryptocurrencies,"Coinbase Bitcoin Cash Daily, 7-Day  All data is as of 5 PM PST.",CBBCHUSD,Daily,Coinbase Bitcoin Cash,https://fred.stlouisfed.org/series/CBBCHUSD
5f2fd8e516e1ee3a1800328c,Monetary Data,Demand deposits plus other checkable deposits. Calculated by the Federal Reserve Bank of St. Louis.,TCD,Weekly,Total Checkable Deposits,https://fred.stlouisfed.org/series/TCD
5f2fd8e516e1ee3a1800328d,Monetary Data,"The savings deposits component of M2 consists of passbook-type savings deposits as well as MMDAs at banks and thrifts. This item is reported on the FR 2900 and, for institutions that do not file the FR 2900, is estimated using data reported on the Call Reports.",SAVINGS,Weekly,Total Savings Deposits at all Depository Institutions,https://fred.stlouisfed.org/series/SAVINGS
5f2fd8e516e1ee3a1800328e,Monetary Data,"Currency in circulation includes paper currency and coin held both by the public and in the vaults of depository institutions. - Units:  Millions of Dollars, Not Seasonally Adjusted",MBCURRCIRW,Weekly,Monetary Base Currency in Circulation,fred.stlouisfed.org/series/MBCURRCIRW
5f2fd8e516e1ee3a1800328f,Financial Activity Measures,Kansas City Financial Stress Index,KCFSI,Monthly,Kansas City Financial Stress Index,https://fred.stlouisfed.org/series/KCFSI
5f2fd8e516e1ee3a18003290,Financial Activity Measures,"The Chicago Fed's National Financial Conditions Index. Positive values of the NFCI indicate financial conditions that are tighter than average, while negative values indicate financial conditions that are looser than average.",NFCI,Weekly,Chicago Fed National Financial Conditions Index,https://fred.stlouisfed.org/series/NFCI
5f2fd8e516e1ee3a18003291,Commodities,"U.S. Energy Information Administration, Crude Oil Prices: Brent - Europe Dollars per Barrel, Not Seasonally Adjusted",DCOILBRENTEU,Daily,Crude Oil Prices: Brent - Europe,https://fred.stlouisfed.org/series/DCOILBRENTEU
5f2fd8e516e1ee3a18003292,Commodities,"U.S. Energy Information Administration, Kerosene-Type Jet Fuel Prices: U.S. Gulf Coast",DJFUELUSGULF,Daily, Kerosene-Type Jet Fuel Prices: U.S. Gulf Coast,https://fred.stlouisfed.org/series/DJFUELUSGULF
5f2fd8e516e1ee3a18003293,Commodities,"U.S. Energy Information Administration, No. 2 Heating Oil Prices: New York Harbor",DHOILNYH,Daily,No. 2 Heating Oil Prices: New York Harbor,https://fred.stlouisfed.org/series/DHOILNYH
5f2fd8e516e1ee3a18003294,Commodities,"U.S. Energy Information Administration, Conventional Gasoline Prices: U.S. Gulf Coast, Regular",DGASUSGULF,Daily,"Conventional Gasoline Prices: U.S. Gulf Coast, Regular",https://fred.stlouisfed.org/series/DGASUSGULF
5f2fd8e516e1ee3a18003295,Commodities,"U.S. Energy Information Administration, Ultra-Low-Sulfur No. 2 Diesel Fuel Prices: New York Harbor Dollars per Gallon, Not Seasonally Adjusted",DDFUELNYH,Daily,Ultra-Low-Sulfur No. 2 Diesel Fuel Prices: New York Harbor,https://fred.stlouisfed.org/series/DDFUELNYH
5f2fd8e516e1ee3a18003296,Commodities,"U.S. Energy Information Administration, Ultra-Low-Sulfur No. 2 Diesel Fuel Prices: Los Angeles Dollars per Gallon, Not Seasonally Adjusted",DDFUELLA,Daily,Ultra-Low-Sulfur No. 2 Diesel Fuel Prices: Los Angeles,https://fred.stlouisfed.org/series/DDFUELLA
5f2fd8e516e1ee3a18003297,Commodities,"U.S. Energy Information Administration, Conventional Gasoline Prices: New York Harbor, Regular Dollars per Gallon, Not Seasonally Adjusted",DGASNYH,Daily,"Conventional Gasoline Prices: New York Harbor, Regular",https://fred.stlouisfed.org/series/DGASNYH
5f2fd8e516e1ee3a1800329a,Commodities,"U.S. Energy Information Administration, Henry Hub Natural Gas Spot Price Dollars per Million BTU, Not Seasonally Adjusted",DHHNGSP,Daily,Henry Hub Natural Gas Spot Price,https://fred.stlouisfed.org/series/DHHNGSP
5f2fd8e516e1ee3a1800329b,Monetary Data,"Temporary open market operations involve short-term repurchase and reverse repurchase agreements that are designed to temporarily add or drain reserves available to the banking system and influence day-to-day trading in the federal funds market. Billions of US Dollars, Not Seasonally Adjusted",RPONTSYD,Daily,Overnight Repurchase Agreements: Treasury Securities Purchased by the Federal Reserve in the Temporary Open Market Operations,https://fred.stlouisfed.org/series/RPONTSYD
5f2fd8e516e1ee3a1800329c,Monetary Data,Temporary open market operations involve short-term repurchase and reverse repurchase agreements that are designed to temporarily add or drain reserves available to the banking system and influence day-to-day trading in the federal funds market.,RPONTTLD,Daily,Overnight Repurchase Agreements: Total Securities Purchased by the Federal Reserve in the Temporary Open Market Operations,https://fred.stlouisfed.org/series/RPONTTLD
5f2fd8e516e1ee3a1800329d,Monetary Data,"Temporary open market operations involve short-term repurchase and reverse repurchase agreements that are designed to temporarily add or drain reserves available to the banking system and influence day-to-day trading in the federal funds market. Billions of US Dollars, Not Seasonally Adjusted",RRPONTSYD,Daily,Overnight Reverse Repurchase Agreements: Treasury Securities Sold by the Federal Reserve in the Temporary Open Market Operations,https://fred.stlouisfed.org/series/RRPONTSYD
5f2fd8e516e1ee3a1800329e,Monetary Data,"Temporary open market operations involve short-term repurchase and reverse repurchase agreements that are designed to temporarily add or drain reserves available to the banking system and influence day-to-day trading in the federal funds market. Billions of US Dollars, Not Seasonally Adjusted",RPONMBSD,Daily,Overnight Repurchase Agreements: Mortgage-Backed Securities Purchased by the Federal Reserve in the Temporary Open Market Operations,https://fred.stlouisfed.org/series/RPONMBSD
5f2fd8e516e1ee3a1800329f,Monetary Data,"Temporary open market operations involve short-term repurchase and reverse repurchase agreements that are designed to temporarily add or drain reserves available to the banking system and influence day-to-day trading in the federal funds market. Billions of US Dollars, Not Seasonally Adjusted",RRPONTTLD,Daily,Overnight Reverse Repurchase Agreements: Total Securities Sold by the Federal Reserve in the Temporary Open Market Operations,https://fred.stlouisfed.org/series/RRPONTTLD
5f2fd8e516e1ee3a180032a0,Monetary Data,Temporary open market operations involve short-term repurchase and reverse repurchase agreements that are designed to temporarily add or drain reserves available to the banking system and influence day-to-day trading in the federal funds market.,RPONAGYD,Daily,Overnight Repurchase Agreements: Federal Agency Securities Purchased by the Federal Reserve in the Temporary Open Market Operations,https://fred.stlouisfed.org/series/RPONAGYD
5f2fd8e516e1ee3a180032a1,Monetary Data,"Temporary open market operations involve short-term repurchase and reverse repurchase agreements that are designed to temporarily add or drain reserves available to the banking system and influence day-to-day trading in the federal funds market. Billions of US Dollars, Not Seasonally Adjusted",RPTMTTLD,Daily,Term Repurchase Agreements: Total Securities Purchased by the Federal Reserve in the Temporary Open Market Operations,https://fred.stlouisfed.org/series/RPTMTTLD
5f2fd8e516e1ee3a180032a2,Monetary Data,"Temporary open market operations involve short-term repurchase and reverse repurchase agreements that are designed to temporarily add or drain reserves available to the banking system and influence day-to-day trading in the federal funds market. Billions of US Dollars, Not Seasonally Adjusted",RPMBSD,Daily,Repurchase Agreements: Mortgage-Backed Securities Purchased by the Federal Reserve in the Temporary Open Market Operations,https://fred.stlouisfed.org/series/RPMBSD
5f2fd8e516e1ee3a180032a3,Stock Market Indexes,"The S&P 500 is regarded as a gauge of the large cap U.S. equities market. The index includes 500 leading companies in leading industries of the U.S. economy, which are publicly held on either the NYSE or NASDAQ, and covers 75% of U.S. equities. Daily Close",SP500,Daily,S&P 500,https://fred.stlouisfed.org/series/SP500
5f2fd8e516e1ee3a180032a4,Stock Market Indexes,"The Dow Jones Industrial Average provides a view of the US stock market and economy. Originally, the index was made up of 12 stocks, it now contains 30 component companies in various industries.",DJIA,Daily,Dow Jones Industrial Average,https://fred.stlouisfed.org/series/DJIA
5f2fd8e516e1ee3a180032a5,Stock Market Indexes,"The NASDAQ Composite Index is a market capitalization weighted index with more than 3000 common equities listed on the NASDAQ Stock Market. The types of securities in the index include American depositary receipts (ADRs), common stocks, real estate investment trusts (REITs), and tracking stocks.",NASDAQCOM,Daily,NASDAQ Composite Index,https://fred.stlouisfed.org/series/NASDAQCOM
5f2fd8e516e1ee3a180032a6,Stock Market Indexes,The observations for the NASDAQ 100 Index represent the daily index value at market close. The NASDAQ 100 Index includes 100 of the largest domestic and international non-financial securities listed on The NASDAQ Stock Market based on market capitalization.,NASDAQ100,Daily,NASDAQ 100 Index,https://fred.stlouisfed.org/series/NASDAQ100
5f2fd8e516e1ee3a180032a7,Stock Market Indexes,"Originally made up of only railroad stocks, the Dow Jones Transportation Average now provides a view of the 20 transportation companies in US stock market.",DJTA,Daily,Dow Jones Transportation Average,https://fred.stlouisfed.org/series/DJTA
5f2fd8e516e1ee3a180032a8,Stock Market Indexes,The observations for the Wilshire US Small-Cap Total Market Index represent the daily index value at market close.,WILLSMLCAP,Daily,Wilshire US Small-Cap Total Market Index,https://fred.stlouisfed.org/series/WILLSMLCAP
5f2fd8e516e1ee3a180032a9,Volatility Indexes,"Chicago Board Options Exchange, CBOE Russell 2000 Volatility Index",RVXCLS,Daily,CBOE Russell 2000 Volatility Index,https://fred.stlouisfed.org/series/RVXCLS
5f2fd8e516e1ee3a180032aa,Volatility Indexes,"Chicago Board Options Exchange, CBOE NASDAQ 100 Volatility Index ",VXNCLS,Daily,CBOE NASDAQ 100 Volatility Index,https://fred.stlouisfed.org/series/VXNCLS
5f2fd8e516e1ee3a180032ab,Volatility Indexes,"Chicago Board Options Exchange, CBOE Gold Miners ETF Volatility Index",VXGDXCLS,Daily,CBOE Gold Miners ETF Volatility Index,https://fred.stlouisfed.org/series/VXGDXCLS
5f2fd8e516e1ee3a180032ac,Volatility Indexes,"Chicago Board Options Exchange, CBOE DJIA Volatility Index",VXDCLS,Daily,CBOE DJIA Volatility Index,https://fred.stlouisfed.org/series/VXDCLS
5f2fd8e516e1ee3a180032ad,Volatility Indexes,"Chicago Board Options Exchange, CBOE Equity VIX on Apple ",VXAPLCLS,Daily,CBOE Equity VIX on Apple,https://fred.stlouisfed.org/series/VXAPLCLS
5f2fd8e516e1ee3a180032ae,Volatility Indexes,"Chicago Board Options Exchange, CBOE Equity VIX on Amazon",VXAZNCLS,Daily,CBOE Equity VIX on Amazon,https://fred.stlouisfed.org/series/VXAZNCLS
5f2fd8e516e1ee3a180032af,Volatility Indexes,"Chicago Board Options Exchange, CBOE Silver ETF Volatility Index",VXSLVCLS,Daily,CBOE Silver ETF Volatility Index,https://fred.stlouisfed.org/series/VXSLVCLS
5f2fd8e516e1ee3a180032b0,Bond Market Indexes,"This data represents the ICE BofA US High Yield Index value, which tracks the performance of US dollar denominated below investment grade rated corporate debt publicly issued in the US domestic market.",BAMLHYH0A0HYM2TRIV,Daily,ICE BofA US High Yield Index Total Return Index Value,https://fred.stlouisfed.org/series/BAMLHYH0A0HYM2TRIV
5f2fd8e516e1ee3a180032b1,Bond Market Indexes,"This data represents the ICE BofA US Corporate Index value, which tracks the performance of US dollar denominated investment grade rated corporate debt publicly issued in the US domestic market. ",BAMLCC0A0CMTRIV,Daily,ICE BofA US Corporate Index Total Return Index Value,https://fred.stlouisfed.org/series/BAMLCC0A0CMTRIV
5f2fd8e516e1ee3a180032b2,Bond Market Indexes,"This data represents the ICE BofA US Corporate C Index value, a subset of the ICE BofA US High Yield Master II Index tracking the performance of US dollar denominated below investment grade rated corporate debt publicly issued in the US domestic market.",BAMLHYH0A3CMTRIV,Daily,ICE BofA CCC & Lower US High Yield Index Total Return Index Value,https://fred.stlouisfed.org/series/BAMLHYH0A3CMTRIV
5f2fd8e516e1ee3a180032b3,Bond Market Indexes,"This data represents the ICE BofA Euro High Yield Index value, which tracks the performance of Euro denominated below investment grade corporate debt publicly issued in the euro domestic or eurobond markets.",BAMLHE00EHYITRIV,Daily,ICE BofA Euro High Yield Index Total Return Index Value,https://fred.stlouisfed.org/series/BAMLHE00EHYITRIV
5f2fd8e516e1ee3a180032b4,Bond Market Indexes,The ICE BofA Emerging Markets Corporate Plus Index tracks the performance of US dollar (USD) and Euro denominated emerging markets non-sovereign debt publicly issued within the major domestic and Eurobond markets. ,BAMLEMCBPITRIV,Daily,ICE BofA Emerging Markets Corporate Plus Index Total Return Index Value,https://fred.stlouisfed.org/series/BAMLEMCBPITRIV
5f2fd8e516e1ee3a180032b5,Bond Market Indexes,"This data represents the ICE BofA BBB US Corporate Index value, a subset of the ICE BofA US Corporate Master Index tracking the performance of US dollar denominated investment grade rated corporate debt publicly issued in the US domestic market.",BAMLCC0A4BBBTRIV,Daily,ICE BofA BBB US Corporate Index Total Return Index Value,https://fred.stlouisfed.org/series/BAMLCC0A4BBBTRIV
5f2fd8e516e1ee3a180032b6,Interest Rates,The breakeven inflation rate represents a measure of expected inflation derived from 5-Year Treasury Constant Maturity Securities,T5YIE,Daily,5-Year Breakeven Inflation Rate,https://fred.stlouisfed.org/series/T5YIE
5f2fd8e516e1ee3a180032b7,Interest Rates,The breakeven inflation rate represents a measure of expected inflation derived from 10-Year Treasury Constant Maturity Securities,T10YIE,Daily,10-Year Breakeven Inflation Rate,https://fred.stlouisfed.org/series/T10YIE
5f2fd8e516e1ee3a180032b8,Interest Rates,Based on the unweighted average bid yields for all TIPS with remaining terms to maturity of more than 10 years.,DLTIIT,Daily,Treasury Inflation-Indexed Long-Term Average Yield,https://fred.stlouisfed.org/series/DLTIIT
5f2fd8e516e1ee3a180032b9,Consumer,"Personal saving as a percentage of disposable personal income. Personal saving is equal to personal income less personal outlays and personal taxes it may generally be viewed as the portion of personal income that is used either to provide funds to capital markets or to invest in real assets such as residences. - Units:  Percent, Seasonally Adjusted Annual Rate",PSAVERT,Monthly,Personal Saving Rate,fred.stlouisfed.org/series/PSAVERT
5f2fd8e516e1ee3a180032ba,Monetary Data,"The currency component of M1 is defined as currency in circulation outside the U.S. Treasury and Federal Reserve Banks. Data on total currency in circulation are obtained weekly from balance sheets of the Federal Reserve Banks. - Units:  Billions of Dollars, Seasonally Adjusted",CURRENCY,Weekly,Currency Component of M1,https://fred.stlouisfed.org/series/CURRENCY
5f2fd8e516e1ee3a180032bb,Monetary Data,"Total reserve balances maintained is the amount of balances institutions hold in accounts at Federal Reserve Banks that are available to satisfy reserve requirements. - Units:  Millions of Dollars, Not Seasonally Adjusted",RESBALNSW,Weekly,Total Reserve Balances Maintained with Federal Reserve Banks,https://fred.stlouisfed.org/series/RESBALNSW
5f2fd8e516e1ee3a180032bc,Monetary Data,"Board of Governors of the Federal Reserve System (US), Total Borrowings from the Federal Reserve. -  Units:  Millions of Dollars, Not Seasonally Adjusted",BORROWW,Weekly,Total Borrowings from the Federal Reserve,https://fred.stlouisfed.org/series/BORROWW
5f2fd8e516e1ee3a180032bd,Monetary Data,"Vault cash eligible to satisfy reserve requirements that's held by institutions not exempt from reserve requirements. - Units:  Millions of Dollars, Not Seasonally Adjusted",TLVAULTW,Weekly,"Vault Cash, Total",https://fred.stlouisfed.org/series/TLVAULTW
5f2fd8e516e1ee3a180032be,Monetary Data,"This series is a sum of total reserve balances maintained plus vault cash used to satisfy required reserves. - Units:  Millions of Dollars, Not Seasonally Adjusted",TOTRESNSW,Weekly,"Reserves of Depository Institutions, Total",https://fred.stlouisfed.org/series/TOTRESNSW
5f2fd8e516e1ee3a180032bf,Monetary Data,"Primary credit is available to generally sound depository institutions on a very short-term basis, typically overnight, at a rate above the Federal Open Market Committee's (FOMC) target rate for federal funds. Depository institutions are not required to seek alternative sources of funds before requesting occasional advances of primary credit. - Units:  Millions of Dollars, Not Seasonally Adjusted",PRIMBORRW,Weekly,"Borrowings from the Federal Reserve, Primary",https://fred.stlouisfed.org/series/PRIMBORRW
5f2fd8e516e1ee3a180032c0,Employment,"The series comes from the 'Current Employment Statistics (Establishment Survey).' - Units:  Dollars per Hour, Seasonally Adjusted",CES0500000003,Monthly,"Average Hourly Earnings of All Employees, Total Private",https://fred.stlouisfed.org/series/CES0500000003
5f2fd8e516e1ee3a180032c1,Employment,"Production and related employees include working supervisors and all nonsupervisory employees (including group leaders and trainees) engaged in fabricating, processing, assembling, inspecting, receiving, storing, handling, packing, warehousing, shipping, trucking, hauling, maintenance, repair, janitorial, guard services, product development, auxiliary production for plant's own use (for example, power plant), recordkeeping, and other services closely associated with the above production operations. - Units:  Dollars per Hour, Seasonally Adjusted",AHETPI,Monthly,"Average Hourly Earnings of Production and Nonsupervisory Employees, Total Private",https://fred.stlouisfed.org/series/AHETPI
5f2fd8e516e1ee3a180032c2,Employment,"The series comes from the 'Current Employment Statistics (Establishment Survey).' - Units:  Thousands of Persons, Seasonally Adjusted",USPRIV,Monthly,"All Employees, Total Private",https://fred.stlouisfed.org/series/USPRIV
5f2fd8e516e1ee3a180032c3,Employment,"Average weekly hours relate to the average hours per worker for which pay was received and is different from standard or scheduled hours. Factors such as unpaid absenteeism, labor turnover, part-time work, and stoppages cause average weekly hours to be lower than scheduled hours of work for an establishment. Group averages further reflect changes in the workweek of component industries. Average weekly hours are the total weekly hours divided by the employees paid for those hours. - Units:  Hours, Seasonally Adjusted",AWHAETP,Monthly,"Average Weekly Hours of All Employees, Total Private",https://fred.stlouisfed.org/series/AWHAETP
5f2fd8e516e1ee3a180032c4,Employment,"The series comes from the 'Current Employment Statistics (Establishment Survey).' - Units:  Dollars per Week, Seasonally Adjusted",CES0500000011,Monthly,"Average Weekly Earnings of All Employees, Total Private",https://fred.stlouisfed.org/series/CES0500000011
5f2fd8e516e1ee3a180032c5,Employment,"Average weekly hours relate to the average hours per worker for which pay was received and is different from standard or scheduled hours. Factors such as unpaid absenteeism, labor turnover, part-time work, and stoppages cause average weekly hours to be lower than scheduled hours of work for an establishment. Group averages further reflect changes in the workweek of component industries. Average weekly hours are the total weekly hours divided by the employees paid for those hours. - Units:  Hours, Seasonally Adjusted",AWHNONAG,Monthly,"Average Weekly Hours of Production and Nonsupervisory Employees, Total Private",https://fred.stlouisfed.org/series/AWHNONAG
5f2fd8e516e1ee3a180032c6,Consumer,"U.S. Bureau of Labor Statistics, Consumer Price Index for All Urban Consumers: Purchasing Power of the Consumer Dollar in U.S. City Average - Units:  Index 1982-1984=100, Not Seasonally Adjusted",CUUR0000SA0R,Monthly,Consumer Price Index for All Urban Consumers: Purchasing Power of the Consumer Dollar in U.S. City Average,https://fred.stlouisfed.org/series/CUUR0000SA0R
5f2fd8e516e1ee3a180032c7,Consumer,"Handbook of Methods - (https://www.bls.gov/opub/hom/pdf/cpihom.pdf) Understanding the CPI: Frequently Asked Questions - (http://stats.bls.gov:80/cpi/cpifaq.htm) - Units:  Index 1982-1984=100, Seasonally Adjusted",CPIENGSL,Monthly,Consumer Price Index for All Urban Consumers: Energy in U.S. City Average,https://fred.stlouisfed.org/series/CPIENGSL
5f2fd8e516e1ee3a180032c8,Consumer,"U.S. Bureau of Labor Statistics, Consumer Price Index for All Urban Consumers: Nondurables in U.S. City Average - Units:  Index 1982-1984=100, Seasonally Adjusted",CUSR0000SAN,Monthly,Consumer Price Index for All Urban Consumers: Nondurables in U.S. City Average,https://fred.stlouisfed.org/series/CUSR0000SAN
5f2fd8e516e1ee3a180032c9,Consumer,"U.S. Bureau of Labor Statistics, Consumer Price Index for All Urban Consumers: Medical Care in U.S. City Average - Units:  Index 1982-1984=100, Not Seasonally Adjusted",CUUS0000SAM,Semiannual,Consumer Price Index for All Urban Consumers: Medical Care in U.S. City Average,https://fred.stlouisfed.org/series/CUUS0000SEHA
5f2fd8e516e1ee3a180032ca,Consumer,"U.S. Bureau of Labor Statistics, Consumer Price Index for All Urban Consumers: Rent of Primary Residence in U.S. City Average - Units:  Index 1982-1984=100, Not Seasonally Adjusted",CUUS0000SEHA,Semiannual,Consumer Price Index for All Urban Consumers: Rent of Primary Residence in U.S. City Average,https://fred.stlouisfed.org/series/CUUS0000SEHA
5f2fd8e516e1ee3a180032cb,Consumer,"U.S. Bureau of Labor Statistics, Consumer Price Index for All Urban Consumers: Food and Beverages in U.S. City Average - Units:  Index 1982-1984=100, Not Seasonally Adjusted",CUUS0000SAF,Semiannual,Consumer Price Index for All Urban Consumers: Food and Beverages in U.S. City Average,https://fred.stlouisfed.org/series/CUUS0000SAF
5f2fd8e516e1ee3a180032cc,Consumer,"U.S. Bureau of Labor Statistics, Consumer Price Index for All Urban Consumers: Used Cars and Trucks in U.S. City Average - Units:  Index 1982-1984=100, Not Seasonally Adjusted",CUUS0000SETA02,Semiannual,Consumer Price Index for All Urban Consumers: Used Cars and Trucks in U.S. City Average,https://fred.stlouisfed.org/series/CUUS0000SETA02
5f2fd8e516e1ee3a180032cd,Consumer,"U.S. Bureau of Labor Statistics, Consumer Price Index for All Urban Consumers: Housing in U.S. City Average - Units:  Index 1982-1984=100, Not Seasonally Adjusted",CUUS0000SAH,Semiannual,Consumer Price Index for All Urban Consumers: Housing in U.S. City Average,https://fred.stlouisfed.org/series/CUUS0000SAH
5f2fd8e516e1ee3a180032ce,Consumer,"U.S. Bureau of Labor Statistics, Consumer Price Index for All Urban Consumers: New Vehicles in U.S. City Average - Units:  Index 1982-1984=100, Not Seasonally Adjusted",CUUS0000SETA01,Semiannual,Consumer Price Index for All Urban Consumers: New Vehicles in U.S. City Average,https://fred.stlouisfed.org/series/CUUS0000SETA01
5f2fd8e516e1ee3a180032cf,Consumer,"U.S. Bureau of Labor Statistics, Consumer Price Index for All Urban Consumers: Apparel in U.S. City Average - Units:  Index 1982-1984=100, Not Seasonally Adjusted",CUUS0000SAA,Semiannual,Consumer Price Index for All Urban Consumers: Apparel in U.S. City Average,https://fred.stlouisfed.org/series/CUUS0000SAA
5f2fd8e516e1ee3a180032d0,Consumer,"U.S. Bureau of Labor Statistics, Consumer Price Index for All Urban Consumers: Food in U.S. City Average - Units:  Index 1982-1984=100, Not Seasonally Adjusted",CUUS0000SAF1,Semiannual,Consumer Price Index for All Urban Consumers: Food in U.S. City Average,https://fred.stlouisfed.org/series/CUUS0000SAF1
5f2fd8e516e1ee3a180032d1,Consumer,"U.S. Bureau of Labor Statistics, Consumer Price Index for All Urban Consumers: Transportation in U.S. City Average - Units:  Index 1982-1984=100, Not Seasonally Adjusted",CUUS0000SAT,Semiannual,Consumer Price Index for All Urban Consumers: Transportation in U.S. City Average,https://fred.stlouisfed.org/series/CUUS0000SAT
5f2fd8e516e1ee3a180032d2,Consumer,"U.S. Bureau of Labor Statistics, Consumer Price Index for All Urban Consumers: Food at Home in U.S. City Average - Units:  Index 1982-1984=100, Not Seasonally Adjusted",CUUS0000SAF11,Semiannual,Consumer Price Index for All Urban Consumers: Food at Home in U.S. City Average,https://fred.stlouisfed.org/series/CUUS0000SAF11
5f2fd8e516e1ee3a180032d3,Consumer,"U.S. Bureau of Economic Analysis, Real Disposable Personal Income: Per Capita - Units:  Chained 2012 Dollars, Seasonally Adjusted Annual Rate",A229RX0,Monthly,Real Disposable Personal Income: Per Capita,https://fred.stlouisfed.org/series/A229RX0
5f2fd8e516e1ee3a180032d4,Consumer,"Personal income is the income that persons receive in return for their provision of labor, land, and capital used in current production and the net current transfer payments that they receive from business and from government.25 Personal income is equal to national income minus corporate profits - Units:  Billions of Dollars, Seasonally Adjusted Annual Rate",PI,Monthly,Personal Income,https://fred.stlouisfed.org/series/PI
5f2fd8e516e1ee3a180032d5,Consumer,"U.S. Bureau of Economic Analysis, Disposable Personal Income - Units:  Billions of Dollars, Seasonally Adjusted Annual Rate",DSPI,Monthly,Disposable Personal Income,https://fred.stlouisfed.org/series/DSPI
5f2fd8e516e1ee3a180032d6,Manufacturing,"U.S. Census Bureau, Manufacturers: Inventories to Sales Ratio - Units:  Ratio, Seasonally Adjusted",MNFCTRIRSA,Monthly,Manufacturers: Inventories to Sales Ratio,https://fred.stlouisfed.org/series/MNFCTRIRSA
5f2fd8e516e1ee3a180032d7,Manufacturing,"U.S. Census Bureau, Manufacturers Sales - Units:  Millions of Dollars, Seasonally Adjusted",MNFCTRSMSA,Monthly,Manufacturers Sales,https://fred.stlouisfed.org/series/MNFCTRSMSA
5f2fd8e516e1ee3a180032d8,Manufacturing,"U.S. Census Bureau, Manufacturers Inventories - Units:  Millions of Dollars, Seasonally Adjusted",MNFCTRIMSA,Monthly,Manufacturers Inventories,https://fred.stlouisfed.org/series/MNFCTRIMSA
5f2fd8e516e1ee3a180032d9,Housing,"U.S. Census Bureau and U.S. Department of Housing and Urban Development, Monthly Supply of Houses in the United States - Units:  Months' Supply, Seasonally Adjusted",MSACSR,Monthly,Monthly Supply of Houses in the United States,https://fred.stlouisfed.org/series/MSACSR
5f2fd8e516e1ee3a180032da,Housing,"U.S. Census Bureau and U.S. Department of Housing and Urban Development, New One Family Houses Sold: United States - Units:  Thousands, Seasonally Adjusted Annual Rate",HSN1F,Monthly,New One Family Houses Sold: United States,https://fred.stlouisfed.org/series/HSN1F
5f2fd8e516e1ee3a180032db,Housing,"National Association of Realtors, Existing Home Sales - Units:  Number of Units, Seasonally Adjusted Annual Rate",EXHOSLUSM495S,Monthly,Existing Home Sales,fred.stlouisfed.org/series/EXHOSLUSM495S
5f2fd8e516e1ee3a180032dc,Housing,"U.S. Census Bureau, Homeownership Rate for the United States - Units:  Percent, Seasonally Adjusted",RSAHORUSQ156S,Quarterly,Homeownership Rate for the United States,https://fred.stlouisfed.org/series/RSAHORUSQ156S
5f2fd8e516e1ee3a180032de,Bond Market Indexes,"Ice Data Indices, LLC, ICE BofA 1-3 Year US Corporate Index Total Return Index Value - Units:  Index, Not Seasonally Adjusted",BAMLCC1A013YTRIV,Daily,ICE BofA 1-3 Year US Corporate Index Total Return Index Valu,https://fred.stlouisfed.org/series/BAMLCC1A013YTRIV
