"Country Name","Country Code","Indicator Name","Indicator Code","1960","1961","1962","1963","1964","1965","1966","1967","1968","1969","1970","1971","1972","1973","1974","1975","1976","1977","1978","1979","1980","1981","1982","1983","1984","1985","1986","1987","1988","1989","1990","1991","1992","1993","1994","1995","1996","1997","1998","1999","2000","2001","2002","2003","2004","2005","2006","2007","2008","2009","2010","2011","2012","2013","2014",
"Aruba","ABW","Fixed broadband Internet subscribers","IT.NET.BBND","","","","","","","","","","","","","","","","","","","","","","","","","","","","","","","","","","","","","","","","","","0","0","1399","6963","12274","13953","15996","18396","18800","19217","","","19200","",
"Andorra","AND","Fixed broadband Internet subscribers","IT.NET.BBND","","","","","","","","","","","","","","","","","","","","","","","","","","","","","","","","","","","","","","","","","","","1148","3601","6282","10341","14616","18526","20672","22941","24502","25763","26905","27373","",
"Afghanistan","AFG","Fixed broadband Internet subscribers","IT.NET.BBND","","","","","","","","","","","","","","","","","","","","","","","","","","","","","","","","","","","","","","","","","","0","0","0","200","220","500","500","500","1000","1500","","1500","1500","",
"Angola","AGO","Fixed broadband Internet subscribers","IT.NET.BBND","","","","","","","","","","","","","","","","","","","","","","","","","","","","","","","","","","","","","","","","","","0","0","0","0","0","7458","11700","15942","20000","20000","25000","42344","47704","",
"Albania","ALB","Fixed broadband Internet subscribers","IT.NET.BBND","","","","","","","","","","","","","","","","","","","","","","","","","","","","","","","","","","","","","","","","","","0","0","0","0","272","","10000","64000","92000","105519","128177","160000","182556","",
"Arab World","ARB","Fixed broadband Internet subscribers","IT.NET.BBND","","","","","","","","","","","","","","","","","","","","","","","","","","","","","","","","","","","","","","","","","","28964","158365","252990","445937","991800","1735499","2951699","4293697","5610716","6676046","7924222","9443733","10687213","",
"United Arab Emirates","ARE","Fixed broadband Internet subscribers","IT.NET.BBND","","","","","","","","","","","","","","","","","","","","","","","","","","","","","","","","","","","","","","","0","367","1973","8374","16632","30327","56146","129320","240620","379800","557577","687713","786818","866968","951785","1038759","",
"Argentina","ARG","Fixed broadband Internet subscribers","IT.NET.BBND","","","","","","","","","","","","","","","","","","","","","","","","","","","","","","","","","","","","","","","0","","","94000","148000","258849","542879","926722","1583713","2600000","3114741","3511026","4020774","4558800","5147626","5742549","",
"Armenia","ARM","Fixed broadband Internet subscribers","IT.NET.BBND","","","","","","","","","","","","","","","","","","","","","","","","","","","","","","","","","","","","","","","","","","6","8","10","1000","1990","","3900","11078","31289","85177","153916","206753","234420","",
"American Samoa","ASM","Fixed broadband Internet subscribers","IT.NET.BBND","","","","","","","","","","","","","","","","","","","","","","","","","","","","","","","","","","","","","","","","","","0","0","","","","","","","","","","","","",
"Antigua and Barbuda","ATG","Fixed broadband Internet subscribers","IT.NET.BBND","","","","","","","","","","","","","","","","","","","","","","","","","","","","","","","","","","","","","","","","","","0","0","0","100","787","1541","2266","4986","6380","7119","6000","4130","4035","",
"Australia","AUS","Fixed broadband Internet subscribers","IT.NET.BBND","","","","","","","","","","","","","","","","","","","","","","","","","","","","","","","","","","","","","","","","","","122800","258100","516800","1012000","2016000","3900000","","5150000","5092000","5375000","5412000","5611000","5839000","",
"Austria","AUT","Fixed broadband Internet subscribers","IT.NET.BBND","","","","","","","","","","","","","","","","","","","","","","","","","","","","","","","","","","","","","","","0","50900","190500","320600","451000","601000","870000","1174000","1432000","1622000","1729000","1845600","2029000","2078000","2118000","2210000","",
"Azerbaijan","AZE","Fixed broadband Internet subscribers","IT.NET.BBND","","","","","","","","","","","","","","","","","","","","","","","","","","","","","","","","","","","","","","","","","","0","1000","","","2184","3955","14600","60000","100000","460000","948085","1280535","1603358","",
"Burundi","BDI","Fixed broadband Internet subscribers","IT.NET.BBND","","","","","","","","","","","","","","","","","","","","","","","","","","","","","","","","","","","","","","","","","","0","0","0","0","0","0","0","160","160","352","367","487","69","",
"Belgium","BEL","Fixed broadband Internet subscribers","IT.NET.BBND","","","","","","","","","","","","","","","","","","","","","","","","","","","","","","","","","","","","","","","10924","23000","144215","460011","815418","1242928","1619944","2010584","2451585","2715308","2962450","3134076","3356599","3528839","3679196","3819393","",
"Benin","BEN","Fixed broadband Internet subscribers","IT.NET.BBND","","","","","","","","","","","","","","","","","","","","","","","","","","","","","","","","","","","","","","","","","","0","21","21","81","196","1498","710","975","2423","3569","3897","4623","4363","",
"Burkina Faso","BFA","Fixed broadband Internet subscribers","IT.NET.BBND","","","","","","","","","","","","","","","","","","","","","","","","","","","","","","","","","","","","","","","","","","0","50","145","154","384","1715","6732","10266","11947","13705","14063","14328","12959","",
"Bangladesh","BGD","Fixed broadband Internet subscribers","IT.NET.BBND","","","","","","","","","","","","","","","","","","","","","","","","","","","","","","","","","","","","","","","","","","0","0","0","0","0","","43710","50000","316699","414569","470050","600461","989521","",
"Bulgaria","BGR","Fixed broadband Internet subscribers","IT.NET.BBND","","","","","","","","","","","","","","","","","","","","","","","","","","","","","","","","","","","","","","","","","","0","0","","6651","165469","384672","629076","818626","958205","1088286","1224669","1306251","1370098","",
"Bahrain","BHR","Fixed broadband Internet subscribers","IT.NET.BBND","","","","","","","","","","","","","","","","","","","","","","","","","","","","","","","","","","","","","","","0","0","0","1176","4980","9737","14956","21432","38628","66705","76865","75983","67625","183004","173968","175242","",
"Bahamas, The","BHS","Fixed broadband Internet subscribers","IT.NET.BBND","","","","","","","","","","","","","","","","","","","","","","","","","","","","","","","","","","","","","","","","","","4139","7540","10941","12803","13382","16591","20500","25500","31589","24702","15496","","15500","",
"Bosnia and Herzegovina","BIH","Fixed broadband Internet subscribers","IT.NET.BBND","","","","","","","","","","","","","","","","","","","","","","","","","","","","","","","","","","","","","","","0","0","27","68","213","1500","6637","13702","40000","84691","188460","236152","307489","364514","406776","450279","",
"Belarus","BLR","Fixed broadband Internet subscribers","IT.NET.BBND","","","","","","","","","","","","","","","","","","","","","","","","","","","","","","","","","","","","","","","","","","0","20","123","750","1564","11419","169800","477800","1092290","1665889","2097264","2530945","2784970","",
"Belize","BLZ","Fixed broadband Internet subscribers","IT.NET.BBND","","","","","","","","","","","","","","","","","","","","","","","","","","","","","","","","","","","","","","","","","","0","0","940","2827","5022","7245","7480","8047","8340","8915","9698","9973","10400","",
"Bermuda","BMU","Fixed broadband Internet subscribers","IT.NET.BBND","","","","","","","","","","","","","","","","","","","","","","","","","","","","","","","","","","","","","","","","","","0","0","","","18487","23643","28799","33955","40000","40100","","","40100","",
"Bolivia","BOL","Fixed broadband Internet subscribers","IT.NET.BBND","","","","","","","","","","","","","","","","","","","","","","","","","","","","","","","","","","","","","","","","","","0","3330","5740","8723","12973","17589","33977","79314","96134","95937","65869","110600","141756","",
"Brazil","BRA","Fixed broadband Internet subscribers","IT.NET.BBND","","","","","","","","","","","","","","","","","","","","","","","","","","","","","","","","","","","","","","0","1000","7000","100000","331000","731000","966252","3157466","3233800","4767007","7609452","9679974","11295531","13266310","16855116","18186476","20190871","",
"Barbados","BRB","Fixed broadband Internet subscribers","IT.NET.BBND","","","","","","","","","","","","","","","","","","","","","","","","","","","","","","","","","","","","","","","","","","0","0","27319","29630","31942","38800","47133","49216","57305","56190","60643","66884","67798","",
"Brunei Darussalam","BRN","Fixed broadband Internet subscribers","IT.NET.BBND","","","","","","","","","","","","","","","","","","","","","","","","","","","","","","","","","","","","","","","","","","1896","2757","3838","6262","8126","8964","11617","16891","20029","21699","23185","19849","23841","",
"Bhutan","BTN","Fixed broadband Internet subscribers","IT.NET.BBND","","","","","","","","","","","","","","","","","","","","","","","","","","","","","","","","","","","","","","","","","","0","0","0","0","0","0","0","2060","3378","8675","13233","16766","20481","",
"Botswana","BWA","Fixed broadband Internet subscribers","IT.NET.BBND","","","","","","","","","","","","","","","","","","","","","","","","","","","","","","","","","","","","","","","","","0","0","0","0","0","1600","1800","3540","8900","10000","11978","15707","18838","21590","",
"Central African Republic","CAF","Fixed broadband Internet subscribers","IT.NET.BBND","","","","","","","","","","","","","","","","","","","","","","","","","","","","","","","","","","","","","","","","","","0","0","0","0","0","0","0","0","0","0","0","0","0","",
"Canada","CAN","Fixed broadband Internet subscribers","IT.NET.BBND","","","","","","","","","","","","","","","","","","","","","","","","","","","","","","","","","","","","","","","140000","582000","1410932","2836000","3515000","4513000","5416000","7004000","8044000","9075322","9842303","9980000","10477886","10931877","11314190","11709900","",
"Central Europe and the Baltics","CEB","Fixed broadband Internet subscribers","IT.NET.BBND","","","","","","","","","","","","","","","","","","","","","","","","","","","","","","","","","","","","","","","","","","84220","401560","951335","2170796","3816909","8258932","11366040","12792345","14845397","15919706","17478181","18448911","19117853","",
"Switzerland","CHE","Fixed broadband Internet subscribers","IT.NET.BBND","","","","","","","","","","","","","","","","","","","","","","","","","","","","","","","","","","","","","","","0","0","56416","140000","455220","783874","1227397","1669217","2050184","2380500","2556210","2739149","2911504","3076384","3210631","3474200","",
"Channel Islands","CHI","Fixed broadband Internet subscribers","IT.NET.BBND","","","","","","","","","","","","","","","","","","","","","","","","","","","","","","","","","","","","","","","","","","","","","","","","","","","","","","","",
"Chile","CHL","Fixed broadband Internet subscribers","IT.NET.BBND","","","","","","","","","","","","","","","","","","","","","","","","","","","","","","","","","","","","","","","0","","7879","66722","188454","352234","478883","708525","1019520","1287785","1427178","1644029","1779113","1998065","2154162","2158586","",
"China","CHN","Fixed broadband Internet subscribers","IT.NET.BBND","","","","","","","","","","","","","","","","","","","","","","","","","","","","","","","","","","","","","","","0","","22660","336280","3298490","11219010","24939630","37350000","50853000","66414000","82879000","103978000","126337000","156487000","175183000","188909000","",
"Cote d'Ivoire","CIV","Fixed broadband Internet subscribers","IT.NET.BBND","","","","","","","","","","","","","","","","","","","","","","","","","","","","","","","","","","","","","","","","","","0","0","413","826","1239","10000","10000","10000","10000","","","46167","56281","",
"Cameroon","CMR","Fixed broadband Internet subscribers","IT.NET.BBND","","","","","","","","","","","","","","","","","","","","","","","","","","","","","","","","","","","","","","","","","","0","0","0","0","202","421","640","860","900","5954","10713","13846","16900","",
"Congo, Rep.","COG","Fixed broadband Internet subscribers","IT.NET.BBND","","","","","","","","","","","","","","","","","","","","","","","","","","","","","","","","","","","","","","","","","","0","0","0","0","0","0","0","0","125","250","300","362","438","",
"Colombia","COL","Fixed broadband Internet subscribers","IT.NET.BBND","","","","","","","","","","","","","","","","","","","","","","","","","","","","","","","","","","","","","","","0","","8872","13830","34888","64436","127113","318683","628077","1207090","1759493","2086250","2596558","3297189","3893674","4486752","",
"Comoros","COM","Fixed broadband Internet subscribers","IT.NET.BBND","","","","","","","","","","","","","","","","","","","","","","","","","","","","","","","","","","","","","","","","","","0","0","0","1","4","0","82","110","66","329","400","1233","1300","",
"Cabo Verde","CPV","Fixed broadband Internet subscribers","IT.NET.BBND","","","","","","","","","","","","","","","","","","","","","","","","","","","","","","","","","","","","0","0","0","0","0","0","0","0","0","283","937","1814","3833","7380","10972","16071","21332","19853","21212","",
"Costa Rica","CRI","Fixed broadband Internet subscribers","IT.NET.BBND","","","","","","","","","","","","","","","","","","","","","","","","","","","","","","","","","","","","","","","","","","0","8989","14878","27931","44914","83206","95000","107410","179781","396262","413662","448066","473629","",
"Caribbean small states","CSS","Fixed broadband Internet subscribers","IT.NET.BBND","","","","","","","","","","","","","","","","","","","","","","","","","","","","","","","","","","","","","","","","","","7630","21197","56497","90395","133812","187127","253455","333306","419532","455316","478423","522147","581048","",
"Cuba","CUB","Fixed broadband Internet subscribers","IT.NET.BBND","","","","","","","","","","","","","","","","","","","","","","","","","","","","","","","","","","","","","","","","","","0","0","0","0","0","0","1946","2246","2883","3706","4421","5013","5360","",
"Curacao","CUW","Fixed broadband Internet subscribers","IT.NET.BBND","","","","","","","","","","","","","","","","","","","","","","","","","","","","","","","","","","","","","","","","","","","","","","","","","","","","31800","35230","39000","",
"Cayman Islands","CYM","Fixed broadband Internet subscribers","IT.NET.BBND","","","","","","","","","","","","","","","","","","","","","","","","","","","","","","","","","","","","","","","","","","0","0","","","","","","17530","18295","18852","18816","19325","20335","",
"Cyprus","CYP","Fixed broadband Internet subscribers","IT.NET.BBND","","","","","","","","","","","","","","","","","","","","","","","","","","","","","","","","","","","","","","","","","","2500","5879","10033","17070","31856","63084","97613","147276","175828","193463","209938","217072","227245","",
"Czech Republic","CZE","Fixed broadband Internet subscribers","IT.NET.BBND","","","","","","","","","","","","","","","","","","","","","","","","","","","","","","","","","","","","","","","0","0","2500","6200","15300","34690","235996","709063","1112500","976720","1139586","1354986","1530000","1668800","1748090","1823000","",
"Germany","DEU","Fixed broadband Internet subscribers","IT.NET.BBND","","","","","","","","","","","","","","","","","","","","","","","","","","","","","","","","","","","","","","","0","","265000","2100000","3205000","4470000","7000000","10786800","14977200","19687000","22643636","24891800","26089800","27185816","27906896","28603463","",
"Djibouti","DJI","Fixed broadband Internet subscribers","IT.NET.BBND","","","","","","","","","","","","","","","","","","","","","","","","","","","","","","","","","","","","","","","","","4","5","6","","","42","152","1092","2451","5285","8058","11302","14907","17707","",
"Dominica","DMA","Fixed broadband Internet subscribers","IT.NET.BBND","","","","","","","","","","","","","","","","","","","","","","","","","","","","","","","","","","","","","","","0","","80","175","2238","2651","3253","3400","4300","5000","7000","7300","8311","8307","8500","10667","",
"Denmark","DNK","Fixed broadband Internet subscribers","IT.NET.BBND","","","","","","","","","","","","","","","","","","","","","","","","","","","","","","","","","","","","","","","0","","67000","238000","451297","718299","1017594","1343855","1735317","1882000","1984869","1997135","2064614","2094834","2171998","2257395","",
"Dominican Republic","DOM","Fixed broadband Internet subscribers","IT.NET.BBND","","","","","","","","","","","","","","","","","","","","","","","","","","","","","","","","","","","","","","","","","","0","0","15000","37257","60674","102880","153551","225997","294513","369937","403732","446681","484897","",
"Algeria","DZA","Fixed broadband Internet subscribers","IT.NET.BBND","","","","","","","","","","","","","","","","","","","","","","","","","","","","","","","","","","","","","","","","","","0","0","18000","36000","135000","170000","287039","485000","818000","900000","980752","1154748","1280000","",
"East Asia & Pacific (developing only)","EAP","Fixed broadband Internet subscribers","IT.NET.BBND","","","","","","","","","","","","","","","","","","","","","","","","","","","","","","","","","","","","","","","0","","26660","366942","3378319","11467799","25585996","38842035","53495465","71339400","90428275","115058270","139269059","170984964","191806831","207562888","",
"East Asia & Pacific (all income levels)","EAS","Fixed broadband Internet subscribers","IT.NET.BBND","","","","","","","","","","","","","","","","","","","","","","","","","","","","","","","","","","","","","","","82000","","5502154","14162035","26906380","42920992","64140075","83421107","105570771","122910135","150206685","178733482","205851188","239542372","262410087","279636936","",
"Europe & Central Asia (developing only)","ECA","Fixed broadband Internet subscribers","IT.NET.BBND","","","","","","","","","","","","","","","","","","","","","","","","","","","","","","","","","","","","","","","","","","49042","151078","667285","1122092","3013659","6271826","10605612","14466576","17415285","21403135","24442232","27221313","29834422","",
"Europe & Central Asia (all income levels)","ECS","Fixed broadband Internet subscribers","IT.NET.BBND","","","","","","","","","","","","","","","","","","","","","","","","","","","","","","","","","","","","","","","99888","","1765800","6535457","13727835","24979185.33","43256734","66095091","91501209","115593640","135070765","151074066","165812190","177523032","188714588","199140233","",
"Ecuador","ECU","Fixed broadband Internet subscribers","IT.NET.BBND","","","","","","","","","","","","","","","","","","","","","","","","","","","","","","","","","","","","","","","","","","2623","6499","6916","11620","26786","46000","100000","155998","241233","197890","618920","818718","997596","",
"Egypt, Arab Rep.","EGY","Fixed broadband Internet subscribers","IT.NET.BBND","","","","","","","","","","","","","","","","","","","","","","","","","","","","","","","","","","","","","","","","","","0","50937","54850","79217","140999","258526","477432","769744","1045792","1449904","1843624","2287249","2674846","",
"Euro area","EMU","Fixed broadband Internet subscribers","IT.NET.BBND","","","","","","","","","","","","","","","","","","","","","","","","","","","","","","","","","","","","","","","99888","","1309768","5077308","10086274","17527051","29697685","42993573","57058949","69876109","78790527","86105521","91956297","96318522","99600199","102882763","",
"Eritrea","ERI","Fixed broadband Internet subscribers","IT.NET.BBND","","","","","","","","","","","","","","","","","","","","","","","","","","","","","","","","","","","","","","","0","0","0","0","0","0","0","0","0","0","44","70","118","141","125","146","",
"Spain","ESP","Fixed broadband Internet subscribers","IT.NET.BBND","","","","","","","","","","","","","","","","","","","","","","","","","","","","","","","","","","","","","","","0","","76358","466600","1247496","2121930","3401411","5035203","6739110","7990449","9054204","9706688","10532988","11045653","11396347","11999564","",
"Estonia","EST","Fixed broadband Internet subscribers","IT.NET.BBND","","","","","","","","","","","","","","","","","","","","","","","","","","","","","","","","","","","","","","","","","","17474","46500","90300","138677","179200","246800","252441","281479","301092","311961","317302","328726","341605","",
"Ethiopia","ETH","Fixed broadband Internet subscribers","IT.NET.BBND","","","","","","","","","","","","","","","","","","","","","","","","","","","","","","","","","","","","","","","","","","0","0","57","35","61","261","1036","1496","3498","4107","4592","6772","238067","",
"European Union","EUU","Fixed broadband Internet subscribers","IT.NET.BBND","","","","","","","","","","","","","","","","","","","","","","","","","","","","","","","","","","","","","","","99888","","1684558","6291279","13018294","23215101.33","40038325","59956832","81614295","100115980","112118435","121933814","130162212","137460078","142799477","147722202","",
"Fragile and conflict affected situations","FCS","Fixed broadband Internet subscribers","IT.NET.BBND","","","","","","","","","","","","","","","","","","","","","","","","","","","","","","","","","","","","","","","","","","839","3060","9314","19781","41013","109295","244847","370461","469563","623082","","1367216","1734161","",
"Finland","FIN","Fixed broadband Internet subscribers","IT.NET.BBND","","","","","","","","","","","","","","","","","","","","","","","","","","","","","","","","","","","","","","","0","","35000","134000","273500","491100","800000","1174200","1429000","1617000","1591900","1533800","1532700","1588700","1642800","1676500","",
"Fiji","FJI","Fixed broadband Internet subscribers","IT.NET.BBND","","","","","","","","","","","","","","","","","","","","","","","","","","","","","","","","","","","","","","","","","","0","0","0","0","7000","8500","11500","13031","12830","23250","23250","13516","10535","",
"France","FRA","Fixed broadband Internet subscribers","IT.NET.BBND","","","","","","","","","","","","","","","","","","","","","","","","","","","","","","","","","","","","","","","13464","55000","196601","601500","1655000","3569381","6561035","9471000","12711000","15750000","17830000","19852000","21337000","22749000","23975000","24940000","",
"Faeroe Islands","FRO","Fixed broadband Internet subscribers","IT.NET.BBND","","","","","","","","","","","","","","","","","","","","","","","","","","","","","","","","","","","","","","","","","","54","114","394","3134","5868","13128","14463","14878","15882","15734","15942","16324","16700","",
"Micronesia, Fed. Sts.","FSM","Fixed broadband Internet subscribers","IT.NET.BBND","","","","","","","","","","","","","","","","","","","","","","","","","","","","","","","","","","","","","","","","","","0","0","6","26","46","95","116","","","998","","","2063","",
"Gabon","GAB","Fixed broadband Internet subscribers","IT.NET.BBND","","","","","","","","","","","","","","","","","","","","","","","","","","","","","","","","","","","","","","","","","","0","0","170","650","1530","1763","1983","2200","3697","4082","4500","5000","8900","",
"United Kingdom","GBR","Fixed broadband Internet subscribers","IT.NET.BBND","","","","","","","","","","","","","","","","","","","","","","","","","","","","","","","","","","","","","","","","","52890","330960","1356481","3113702.33","6123907","9898653","13013000","15606000","17274023","17858923","19133508","20552901","21618675","22559353","",
"Georgia","GEO","Fixed broadband Internet subscribers","IT.NET.BBND","","","","","","","","","","","","","","","","","","","","","","","","","","","","","","","","","","","","","","","","","","430","920","1410","1900","2390","27000","46735","112131","150000","230901","324633","392436","444595","",
"Ghana","GHA","Fixed broadband Internet subscribers","IT.NET.BBND","","","","","","","","","","","","","","","","","","","","","","","","","","","","","","","","","","","","","","","","","","0","0","0","900","1904","12749","16197","22980","27399","50082","62646","65332","68795","",
"Guinea","GIN","Fixed broadband Internet subscribers","IT.NET.BBND","","","","","","","","","","","","","","","","","","","","","","","","","","","","","","","","","","","","","","","","","","0","0","0","0","0","0","0","0","","500","600","700","800","",
"Gambia, The","GMB","Fixed broadband Internet subscribers","IT.NET.BBND","","","","","","","","","","","","","","","","","","","","","","","","","","","","","","","","","","","","","","","","","","0","0","0","36","71","","269","300","300","350","437","500","438","",
"Guinea-Bissau","GNB","Fixed broadband Internet subscribers","IT.NET.BBND","","","","","","","","","","","","","","","","","","","","","","","","","","","","","","","","","","","","","","","","","","0","0","0","0","0","0","0","0","","","0","0","0","",
"Equatorial Guinea","GNQ","Fixed broadband Internet subscribers","IT.NET.BBND","","","","","","","","","","","","","","","","","","","","","","","","","","","","","","","","","","","","","","","","","","0","0","0","0","180","180","180","180","180","1186","1346","1480","3518","",
"Greece","GRC","Fixed broadband Internet subscribers","IT.NET.BBND","","","","","","","","","","","","","","","","","","","","","","","","","","","","","","","","","","","","","","","0","0","0","0","0","10476","51455","160113","488180","1017475","1506614","1915006","2250410","2462661","2685354","2910074","",
"Grenada","GRD","Fixed broadband Internet subscribers","IT.NET.BBND","","","","","","","","","","","","","","","","","","","","","","","","","","","","","","","","","","","","","","","","","","0","563","","609","3222","5544","7600","8954","12371","14437","14674","16000","18000","",
"Greenland","GRL","Fixed broadband Internet subscribers","IT.NET.BBND","","","","","","","","","","","","","","","","","","","","","","","","","","","","","","","","","","","","","","","","","","0","0","119","3320","7128","9216","10480","11946","12473","12328","11829","11309","10800","",
"Guatemala","GTM","Fixed broadband Internet subscribers","IT.NET.BBND","","","","","","","","","","","","","","","","","","","","","","","","","","","","","","","","","","","","","","","","","","0","0","0","0","27106","39000","57000","94500","156000","259000","","273742","278805","",
"Guam","GUM","Fixed broadband Internet subscribers","IT.NET.BBND","","","","","","","","","","","","","","","","","","","","","","","","","","","","","","","","","","","","","","","","","","1750","","","","","","2700","2700","3000","3000","","","3000","",
"Guyana","GUY","Fixed broadband Internet subscribers","IT.NET.BBND","","","","","","","","","","","","","","","","","","","","","","","","","","","","","","","","","","","","","","","","","","0","0","0","0","2000","","2362","5084","6823","11193","20000","29200","36900","",
"High income","HIC","Fixed broadband Internet subscribers","IT.NET.BBND","","","","","","","","","","","","","","","","","","","","","","","","","","","","","","","","","","","","","","","1027788","4107398","15730181","36065180","61037330","89229558.33","125298067","168356942","209041388","240451296","271905321","292575062","311737982","327221796","342829251","354146569","",
"Hong Kong SAR, China","HKG","Fixed broadband Internet subscribers","IT.NET.BBND","","","","","","","","","","","","","","","","","","","","","","","","","","","","","","","","","","","","","","0","11000","86467","444450","716435","1038995","1267966","1517741","1659098","1796240","1898934","1935485","2022760","2111109","2248918","2228147","2215475","",
"Honduras","HND","Fixed broadband Internet subscribers","IT.NET.BBND","","","","","","","","","","","","","","","","","","","","","","","","","","","","","","","","","","","","","","","","","","0","0","0","0","0","0","0","0","","1000","57290","61277","68120","",
"Heavily indebted poor countries (HIPC)","HPC","Fixed broadband Internet subscribers","IT.NET.BBND","","","","","","","","","","","","","","","","","","","","","","","","","","","","","","","","","","","","","","","","","","1635","6968","14322","27478","55140","109205","212466","312174","359260","420083","581480","790656","1177841","",
"Croatia","HRV","Fixed broadband Internet subscribers","IT.NET.BBND","","","","","","","","","","","","","","","","","","","","","","","","","","","","","","","","","","","","","","","","","","0","0","3400","26200","116200","251800","387050","524683","684960","803823","861276","890324","923885","",
"Haiti","HTI","Fixed broadband Internet subscribers","IT.NET.BBND","","","","","","","","","","","","","","","","","","","","","","","","","","","","","","","","","","","","","","","","","","0","0","0","0","0","0","0","0","","","","","","",
"Hungary","HUN","Fixed broadband Internet subscribers","IT.NET.BBND","","","","","","","","","","","","","","","","","","","","","","","","","","","","","","","","","","","","","","","0","","3400","31384","111458","264311","411111","651689","1199190","1381824","1681121","1880046","2057818","2208092","2281089","2401145","",
"Indonesia","IDN","Fixed broadband Internet subscribers","IT.NET.BBND","","","","","","","","","","","","","","","","","","","","","","","","","","","","","","","","","","","","","","","0","","4000","15000","38300","61600","84900","108200","194367","778770","981562","1863821","2280316","2736379","2983000","3251800","",
"Isle of Man","IMN","Fixed broadband Internet subscribers","IT.NET.BBND","","","","","","","","","","","","","","","","","","","","","","","","","","","","","","","","","","","","","","","","","","","","","","","","","","","","","","","",
"India","IND","Fixed broadband Internet subscribers","IT.NET.BBND","","","","","","","","","","","","","","","","","","","","","","","","","","","","","","","","","","","","","","","0","0","0","50000","82409","140362","235000","1348000","2300000","3130000","5280000","7745710","10990000","13350000","14980000","14540000","",
"Not classified","INX","Fixed broadband Internet subscribers","IT.NET.BBND","","","","","","","","","","","","","","","","","","","","","","","","","","","","","","","","","","","","","","","","","","","","","","","","","","","","","","","",
"Ireland","IRL","Fixed broadband Internet subscribers","IT.NET.BBND","","","","","","","","","","","","","","","","","","","","","","","","","","","","","","","","","","","","","","","0","0","0","0","10600","41800","152100","322500","561700","636236","769667","870562","941405","993667","1039624","1121551","",
"Iran, Islamic Rep.","IRN","Fixed broadband Internet subscribers","IT.NET.BBND","","","","","","","","","","","","","","","","","","","","","","","","","","","","","","","","","","","","","","","","","176","661","16171","18700","","","100000","200000","300000","400000","962250","1772867","3076154","4351202","",
"Iraq","IRQ","Fixed broadband Internet subscribers","IT.NET.BBND","","","","","","","","","","","","","","","","","","","","","","","","","","","","","","","","","","","","","","","","","","0","0","","","","26","98","54","121","77","","","","",
"Iceland","ISL","Fixed broadband Internet subscribers","IT.NET.BBND","","","","","","","","","","","","","","","","","","","","","","","","","","","","","","","","","","","","","","","0","81","2358","10424","24270","41571","55764","78017","87738","97937","103697","104770","107011","110010","111644","115826","",
"Israel","ISR","Fixed broadband Internet subscribers","IT.NET.BBND","","","","","","","","","","","","","","","","","","","","","","","","","","","","","","","","","","","","","","","0","0","0","43865","231663","633100","980000","1229626","1421000","1528500","1684000","1723000","1762000","1879029","1937000","1985000","",
"Italy","ITA","Fixed broadband Internet subscribers","IT.NET.BBND","","","","","","","","","","","","","","","","","","","","","","","","","","","","","","","","","","","","","","","0","","115000","390000","850000","2250000","4724500","6822210","8497422","10122126","11276262","12082148","13061438","13431643","13483000","13600396","",
"Jamaica","JAM","Fixed broadband Internet subscribers","IT.NET.BBND","","","","","","","","","","","","","","","","","","","","","","","","","","","","","","","","","","","","","","","","","","3235","9000","9000","27000","45000","68243","92768","97323","112201","116685","118269","123046","132537","",
"Jordan","JOR","Fixed broadband Internet subscribers","IT.NET.BBND","","","","","","","","","","","","","","","","","","","","","","","","","","","","","","","","","","","","","","","","","","409","3177","4996","10424","23551","48622","88818","137148","203472","195784","199888","197095","205532","",
"Japan","JPN","Fixed broadband Internet subscribers","IT.NET.BBND","","","","","","","","","","","","","","","","","","","","","","","","","","","","","","","","","","","","","","0","32000","216000","854655","3835000","9397426","14917165","19557146","23301105","26438867","28303003","30117679","32851570","34091401","34863792","36108452","36664511","",
"Kazakhstan","KAZ","Fixed broadband Internet subscribers","IT.NET.BBND","","","","","","","","","","","","","","","","","","","","","","","","","","","","","","","","","","","","","","","","","","0","0","998","1997","2996","30500","270370","337300","577200","869600","1193400","1592100","1907300","",
"Kenya","KEN","Fixed broadband Internet subscribers","IT.NET.BBND","","","","","","","","","","","","","","","","","","","","","","","","","","","","","","","","","","","","","","","","","","0","0","0","","5399","17723","17737","3282","8349","4155","42436","42931","57033","",
"Kyrgyz Republic","KGZ","Fixed broadband Internet subscribers","IT.NET.BBND","","","","","","","","","","","","","","","","","","","","","","","","","","","","","","","","","","","","","","","","","","","36","139","1907","2292","2762","3115","18927","15298","20931","36960","48114","53346","",
"Cambodia","KHM","Fixed broadband Internet subscribers","IT.NET.BBND","","","","","","","","","","","","","","","","","","","","","","","","","","","","","","","","","","","","","","","","","","0","50","419","780","1000","2900","8450","16594","30000","35666","22000","29734","32648","",
"Kiribati","KIR","Fixed broadband Internet subscribers","IT.NET.BBND","","","","","","","","","","","","","","","","","","","","","","","","","","","","","","","","","","","","","","","","","","0","0","","","322","402","504","685","765","846","920","1000","1100","",
"St. Kitts and Nevis","KNA","Fixed broadband Internet subscribers","IT.NET.BBND","","","","","","","","","","","","","","","","","","","","","","","","","","","","","","","","","","","","","","","","","","","500","2000","4400","6500","8800","9600","11104","13000","14600","12600","13000","13300","",
"Korea, Rep.","KOR","Fixed broadband Internet subscribers","IT.NET.BBND","","","","","","","","","","","","","","","","","","","","","","","","","","","","","","","","","","","","","","0","14000","278000","3870000","7806000","10399597","11173663","11917906","12188024","14041283","14709617","15474079","16347716","17193570","17859003","18252201","18737125","",
"Kosovo","","Fixed broadband Internet subscribers","IT.NET.BBND","","","","","","","","","","","","","","","","","","","","","","","","","","","","","","","","","","","","","","","","","","","","","","","","","","","","","","","",
"Kuwait","KWT","Fixed broadband Internet subscribers","IT.NET.BBND","","","","","","","","","","","","","","","","","","","","","","","","","","","","","","","","","","","","","","","","","","5000","10500","13000","20000","25000","30000","35000","40000","45000","46000","47000","47000","47000","",
"Latin America & Caribbean (developing only)","LAC","Fixed broadband Internet subscribers","IT.NET.BBND","","","","","","","","","","","","","","","","","","","","","","","","","","","","","","","","","","","","","","","1000","","130353","535882","1302715","2021552","5496296","7424655","11605736","18165114","24997006","29964063","35587952","41980110","46511252","51398834","",
"Lao PDR","LAO","Fixed broadband Internet subscribers","IT.NET.BBND","","","","","","","","","","","","","","","","","","","","","","","","","","","","","","","","","","","","","","","","","","0","0","25","50","314","741","1135","2896","4317","5651","6325","7547","9000","",
"Lebanon","LBN","Fixed broadband Internet subscribers","IT.NET.BBND","","","","","","","","","","","","","","","","","","","","","","","","","","","","","","","","","","","","","","","","","","0","35000","70000","80000","130000","190000","192000","195000","197000","303000","371000","451000","480000","",
"Liberia","LBR","Fixed broadband Internet subscribers","IT.NET.BBND","","","","","","","","","","","","","","","","","","","","","","","","","","","","","","","","","","","","","","","","","","0","0","0","","","","","110","150","186","63","0","0","",
"Libya","LBY","Fixed broadband Internet subscribers","IT.NET.BBND","","","","","","","","","","","","","","","","","","","","","","","","","","","","","","","","","","","","","","","","","","","0","0","0","","","","46242","63000","72800","70000","67300","64700","",
"St. Lucia","LCA","Fixed broadband Internet subscribers","IT.NET.BBND","","","","","","","","","","","","","","","","","","","","","","","","","","","","","","","","","","","","","","","","","","","0","1400","3800","7000","7176","11078","15527","18586","20491","21340","24573","25000","",
"Latin America & Caribbean (all income levels)","LCN","Fixed broadband Internet subscribers","IT.NET.BBND","","","","","","","","","","","","","","","","","","","","","","","","","","","","","","","","","","","","","","","1000","","138232","609170","1522117","2470666","6148095","8378642","12968701","19924056","27297741","32669146","38580873","45291768","50124083","55260911","",
"Least developed countries: UN classification","LDC","Fixed broadband Internet subscribers","IT.NET.BBND","","","","","","","","","","","","","","","","","","","","","","","","","","","","","","","","","","","","","","","","","","36","1375","4234","13166","30613","69966","218494","291728","613222","846588","1056833","1484170","2345504","",
"Low income","LIC","Fixed broadband Internet subscribers","IT.NET.BBND","","","","","","","","","","","","","","","","","","","","","","","","","","","","","","","","","","","","","","","","","","771","2968","8107","13067","23404","50723","138975","160347","487065","647055","833151","1204923","1978887","",
"Liechtenstein","LIE","Fixed broadband Internet subscribers","IT.NET.BBND","","","","","","","","","","","","","","","","","","","","","","","","","","","","","","","","","","","","","","","","","","","1437","1500","4741","8617","10000","14200","15550","15983","15250","14532","11189","12000","",
"Sri Lanka","LKA","Fixed broadband Internet subscribers","IT.NET.BBND","","","","","","","","","","","","","","","","","","","","","","","","","","","","","","","","","","","","","","","","","","327","592","3417","20450","21000","22895","63263","101922","169600","228316","359000","354000","423522","",
"Lower middle income","LMC","Fixed broadband Internet subscribers","IT.NET.BBND","","","","","","","","","","","","","","","","","","","","","","","","","","","","","","","","","","","","","","","","","","77991","205189","365720","697382","2510145","4799508","8165428","13438219","19778632","26235409","30678568","35685015","38443500","",
"Low & middle income","LMY","Fixed broadband Internet subscribers","IT.NET.BBND","","","","","","","","","","","","","","","","","","","","","","","","","","","","","","","","","","","","","","","","","160641","1004070","5029740","14502667","32820898","51596772","75446981","105966682","138970302","175574469","214814399","260784716","293651166","320211917","",
"Lesotho","LSO","Fixed broadband Internet subscribers","IT.NET.BBND","","","","","","","","","","","","","","","","","","","","","","","","","","","","","","","","","","","","","","","","","","0","0","0","22","45","","110","140","400","400","1339","1451","2275","",
"Lithuania","LTU","Fixed broadband Internet subscribers","IT.NET.BBND","","","","","","","","","","","","","","","","","","","","","","","","","","","","","","","","","","","","","","","0","0","0","2427","20000","66790","129051","234081","368715","507572","530678","564285","590631","620878","640305","664063","",
"Luxembourg","LUX","Fixed broadband Internet subscribers","IT.NET.BBND","","","","","","","","","","","","","","","","","","","","","","","","","","","","","","","","","","","","","","","0","0","0","1215","5827","15351","36500","70100","98930","128680","143200","156120","168368","169753","169700","177618","",
"Latvia","LVA","Fixed broadband Internet subscribers","IT.NET.BBND","","","","","","","","","","","","","","","","","","","","","","","","","","","","","","","","","","","","","","","0","0","284","3235","10000","19533","49147","60770","109674","320657","395610","436966","434876","457422","481100","506000","",
"Macao SAR, China","MAC","Fixed broadband Internet subscribers","IT.NET.BBND","","","","","","","","","","","","","","","","","","","","","","","","","","","","","","","","","","","","","","","","","3731","9788","16954","27774","45218","68030","92217","110498","121569","126142","132081","137661","144596","151796","",
"St. Martin (French part)","MAF","Fixed broadband Internet subscribers","IT.NET.BBND","","","","","","","","","","","","","","","","","","","","","","","","","","","","","","","","","","","","","","","","","","","","","","","","","","","","","","","",
"Morocco","MAR","Fixed broadband Internet subscribers","IT.NET.BBND","","","","","","","","","","","","","","","","","","","","","","","","","","","","","","","","","","","","","","","","","","0","2000","2712","64660","249138","391857","477360","483867","475767","498682","588989","681568","836110","",
"Monaco","MCO","Fixed broadband Internet subscribers","IT.NET.BBND","","","","","","","","","","","","","","","","","","","","","","","","","","","","","","","","","","","","","","","","","800","2658","4904","6535","7606","9500","11000","12300","13000","13400","13800","15920","16258","16896","",
"Moldova","MDA","Fixed broadband Internet subscribers","IT.NET.BBND","","","","","","","","","","","","","","","","","","","","","","","","","","","","","","","","","","","","","","","","","","239","418","597","2429","10395","21792","52537","115127","186973","269067","355099","417177","467072","",
"Madagascar","MDG","Fixed broadband Internet subscribers","IT.NET.BBND","","","","","","","","","","","","","","","","","","","","","","","","","","","","","","","","","","","","","","","","","","0","0","0","0","0","1361","2354","3488","4558","5359","6852","8667","13911","",
"Maldives","MDV","Fixed broadband Internet subscribers","IT.NET.BBND","","","","","","","","","","","","","","","","","","","","","","","","","","","","","","","","","","","","","","","0","0","0","0","190","503","717","3260","6274","10350","15359","15331","15148","17440","17858","20140","",
"Middle East & North Africa (all income levels)","MEA","Fixed broadband Internet subscribers","IT.NET.BBND","","","","","","","","","","","","","","","","","","","","","","","","","","","","","","","","","","","","","","","","","","82647","423878","927526","1462785","2271398","3306409","4716650","6322413","7836718","9501887","11677336","14516989","17050471","",
"Mexico","MEX","Fixed broadband Internet subscribers","IT.NET.BBND","","","","","","","","","","","","","","","","","","","","","","","","","","","","","","","","","","","","","","","0","0","15000","50000","231486","428371","1057282","1922352","3020000","4468417","7426717","9283529","11100883","11868397","12717139","13626600","",
"Marshall Islands","MHL","Fixed broadband Internet subscribers","IT.NET.BBND","","","","","","","","","","","","","","","","","","","","","","","","","","","","","","","","","","","","","","","","","","0","0","0","0","0","0","0","0","","","","","","",
"Middle income","MIC","Fixed broadband Internet subscribers","IT.NET.BBND","","","","","","","","","","","","","","","","","","","","","","","","","","","","","","","","","","","","","","","1000","","160641","1003299","5026772","14494560","32807831","51573368","75396258","105827707","138809955","175087404","214167344","259951565","292446243","318233030","",
"Macedonia, FYR","MKD","Fixed broadband Internet subscribers","IT.NET.BBND","","","","","","","","","","","","","","","","","","","","","","","","","","","","","","","","","","","","","","","","","","","0","0","0","12436","36485","100507","181012","218651","237828","259220","288406","330798","",
"Mali","MLI","Fixed broadband Internet subscribers","IT.NET.BBND","","","","","","","","","","","","","","","","","","","","","","","","","","","","","","","","","","","","","","","","","","0","0","0","0","0","3085","3200","2661","3009","2314","2367","3196","2909","",
"Malta","MLT","Fixed broadband Internet subscribers","IT.NET.BBND","","","","","","","","","","","","","","","","","","","","","","","","","","","","","","","","","","","","","","","","","1656","9157","17679","22736","37642","51409","52948","83033","95327","109843","121229","125168","132821","140550","",
"Myanmar","MMR","Fixed broadband Internet subscribers","IT.NET.BBND","","","","","","","","","","","","","","","","","","","","","","","","","","","","","","","","","","","","","","","","","0","0","0","0","0","243","3961","6466","9995","20365","22950","18321","63859","95329","",
"Middle East & North Africa (developing only)","MNA","Fixed broadband Internet subscribers","IT.NET.BBND","","","","","","","","","","","","","","","","","","","","","","","","","","","","","","","","","","","","","","","","","","1075","107317","169517","273758","","1238199","1893360","2683864","3669912","5026182","6783629","9053770","11241356","",
"Montenegro","MNE","Fixed broadband Internet subscribers","IT.NET.BBND","","","","","","","","","","","","","","","","","","","","","","","","","","","","","","","","","","","","","","","","","","","","","0","7665","","16145","34229","53058","57370","64712","69608","79441","",
"Mongolia","MNG","Fixed broadband Internet subscribers","IT.NET.BBND","","","","","","","","","","","","","","","","","","","","","","","","","","","","","","","","","","","","","","","","","","49","90","500","900","1800","3500","7395","32504","36742","71709","88878","104867","139729","",
"Northern Mariana Islands","MNP","Fixed broadband Internet subscribers","IT.NET.BBND","","","","","","","","","","","","","","","","","","","","","","","","","","","","","","","","","","","","","","","","","","0","0","0","0","0","0","0","0","0","","","","0","",
"Mozambique","MOZ","Fixed broadband Internet subscribers","IT.NET.BBND","","","","","","","","","","","","","","","","","","","","","","","","","","","","","","","","","","","","","","","","","","0","0","0","0","0","","5743","10191","12502","14633","21204","20484","17983","",
"Mauritania","MRT","Fixed broadband Internet subscribers","IT.NET.BBND","","","","","","","","","","","","","","","","","","","","","","","","","","","","","","","","","","","","","","","","","","0","0","0","0","164","973","4000","5876","6775","5809","6120","6697","7532","",
"Mauritius","MUS","Fixed broadband Internet subscribers","IT.NET.BBND","","","","","","","","","","","","","","","","","","","","","","","","","","","","","","","","","","","","","","","","","","0","285","1184","2564","5398","27895","22367","46754","68837","93000","116800","139000","156000","",
"Malawi","MWI","Fixed broadband Internet subscribers","IT.NET.BBND","","","","","","","","","","","","","","","","","","","","","","","","","","","","","","","","","","","","","","","","","","0","0","69","138","404","","934","986","1034","1085","1140","1197","2854","",
"Malaysia","MYS","Fixed broadband Internet subscribers","IT.NET.BBND","","","","","","","","","","","","","","","","","","","","","","","","","","","","","","","","","","","","","","","0","0","0","4000","19302","110402","252500","483100","751000","1025000","1318500","1541700","1835700","2137600","2459900","2443100","",
"North America","NAC","Fixed broadband Internet subscribers","IT.NET.BBND","","","","","","","","","","","","","","","","","","","","","","","","","","","","","","","","","","","","","","","845900","3336286","8480806","15628812","23396549","32257342","42768520","58178837","68305344","79310121","85583258","88369000","93276986","97376877","101655190","103092000","",
"Namibia","NAM","Fixed broadband Internet subscribers","IT.NET.BBND","","","","","","","","","","","","","","","","","","","","","","","","","","","","","","","","","","","","","","","","","","0","0","0","0","134","198","256","320","430","9423","18499","26598","29776","",
"New Caledonia","NCL","Fixed broadband Internet subscribers","IT.NET.BBND","","","","","","","","","","","","","","","","","","","","","","","","","","","","","","","","","","","","","","","0","0","0","132","700","1668","5146","9600","15601","20315","25455","33115","38196","42767","47900","53600","",
"Niger","NER","Fixed broadband Internet subscribers","IT.NET.BBND","","","","","","","","","","","","","","","","","","","","","","","","","","","","","","","","","","","","","","","","","","0","0","0","77","212","347","482","617","1000","1500","2114","3669","6400","",
"Nigeria","NGA","Fixed broadband Internet subscribers","IT.NET.BBND","","","","","","","","","","","","","","","","","","","","","","","","","","","","","","","","","","","","","","","","","","0","0","0","0","500","","53594","67776","81958","99108","","14279","15045","",
"Nicaragua","NIC","Fixed broadband Internet subscribers","IT.NET.BBND","","","","","","","","","","","","","","","","","","","","","","","","","","","","","","","","","","","","","","","","","700","1604","2319","4403","5001","10534","19042","27550","43212","78678","73279","85092","101312","131687","",
"Netherlands","NLD","Fixed broadband Internet subscribers","IT.NET.BBND","","","","","","","","","","","","","","","","","","","","","","","","","","","","","","","","","","","","","","","75500","","260000","466200","1170966","1988000","3206000","4100000","5192200","5507000","5805000","6129000","6329000","6498007","6654000","6716922","",
"High income: nonOECD","NOC","Fixed broadband Internet subscribers","IT.NET.BBND","","","","","","","","","","","","","","","","","","","","","","","","","","","","","","","","","","","","","","","36000","147834","750894","2069173","3599766","5439859","7179902","9425461","11992147","15784481","21943125","26796795","30651356","33272429","37402312","41238183","",
"Norway","NOR","Fixed broadband Internet subscribers","IT.NET.BBND","","","","","","","","","","","","","","","","","","","","","","","","","","","","","","","","","","","","","","","0","","23297","88541","205307","398758","671666","991349","1244536","1435976","1549975","1633017","1688055","1744572","1814144","1837022","",
"Nepal","NPL","Fixed broadband Internet subscribers","IT.NET.BBND","","","","","","","","","","","","","","","","","","","","","","","","","","","","","","","","","","","","","","","","","","0","0","0","0","0","963","10957","12000","15561","58435","94656","171152","208773","",
"New Zealand","NZL","Fixed broadband Internet subscribers","IT.NET.BBND","","","","","","","","","","","","","","","","","","","","","","","","","","","","","","","","","","","","","","","0","0","4658","17267","43500","83000","191695","321000","470200","853020","914961","980335","1050000","1140000","1240000","1316000","",
"High income: OECD","OEC","Fixed broadband Internet subscribers","IT.NET.BBND","","","","","","","","","","","","","","","","","","","","","","","","","","","","","","","","","","","","","","","991788","3959564","14979287","33996007","57437564","83789699.33","118118165","158931481","197049241","224666815","249962196","265778267","281086626","293949367","305426939","312908386","",
"OECD members","OED","Fixed broadband Internet subscribers","IT.NET.BBND","","","","","","","","","","","","","","","","","","","","","","","","","","","","","","","","","","","","","","","991788","3959564","14997687","34088306","57801713","84681705.33","120164489","163095290","204042116","235270813","264819925","283385054","301333021","315606418","328283337","337318942","",
"Oman","OMN","Fixed broadband Internet subscribers","IT.NET.BBND","","","","","","","","","","","","","","","","","","","","","","","","","","","","","","","","","","","","","","","","","","0","97","136","668","13240","20065","20177","32447","41114","51369","52562","71214","95248","",
"Other small states","OSS","Fixed broadband Internet subscribers","IT.NET.BBND","","","","","","","","","","","","","","","","","","","","","","","","","","","","","","","","","","","","","","","","","","5","481","1866","4635","21836","42705","63421","124310","178281","235403","300112","348088","400669","",
"Pakistan","PAK","Fixed broadband Internet subscribers","IT.NET.BBND","","","","","","","","","","","","","","","","","","","","","","","","","","","","","","","","","","","","","","","","","","0","0","0","","14600","26611","45153","148470","302829","531787","737778","926922","1077970","",
"Panama","PAN","Fixed broadband Internet subscribers","IT.NET.BBND","","","","","","","","","","","","","","","","","","","","","","","","","","","","","","","","","","","","","","","","","","7771","12235","15039","16746","17567","112738","150283","196190","234381","258292","282843","294681","297827","",
"Peru","PER","Fixed broadband Internet subscribers","IT.NET.BBND","","","","","","","","","","","","","","","","","","","","","","","","","","","","","","","","","","","","","","","0","75","1078","","37401","93908","227610","352622","484899","570218","725563","809615","911620","1190352","1422773","1574223","",
"Philippines","PHL","Fixed broadband Internet subscribers","IT.NET.BBND","","","","","","","","","","","","","","","","","","","","","","","","","","","","","","","","","","","","","","","0","0","0","10000","21000","55000","89000","123000","265030","496151","1045716","1722407","1722400","1791000","2146600","2572800","",
"Palau","PLW","Fixed broadband Internet subscribers","IT.NET.BBND","","","","","","","","","","","","","","","","","","","","","","","","","","","","","","","","","","","","","","","","","","0","0","","74","100","97","101","111","142","239","518","916","1600","",
"Papua New Guinea","PNG","Fixed broadband Internet subscribers","IT.NET.BBND","","","","","","","","","","","","","","","","","","","","","","","","","","","","","","","","","","","","","","","","","","0","0","0","0","0","0","0","2987","4453","6100","7500","9200","11300","",
"Poland","POL","Fixed broadband Internet subscribers","IT.NET.BBND","","","","","","","","","","","","","","","","","","","","","","","","","","","","","","","","","","","","","","","0","0","0","12000","121684","195752","875865","945159","2911152","4174003","3985385","4798105","4960528","5622367","5954666","5964800","",
"Puerto Rico","PRI","Fixed broadband Internet subscribers","IT.NET.BBND","","","","","","","","","","","","","","","","","","","","","","","","","","","","","","","","","","","","","","","","","","2427","22732","54337","86303","118268","150233","182198","426310","480293","551520","558054","573035","600045","",
"Korea, Dem. Rep.","PRK","Fixed broadband Internet subscribers","IT.NET.BBND","","","","","","","","","","","","","","","","","","","","","","","","","","","","","","","","","","","","","","0","0","0","0","0","0","0","0","0","0","0","0","0","","","","0","",
"Portugal","PRT","Fixed broadband Internet subscribers","IT.NET.BBND","","","","","","","","","","","","","","","","","","","","","","","","","","","","","","","","","","","","","","","0","297","25154","99316","260591","502030","838371","1165440","1423687","1512394","1613725","1888240","2104277","2242578","2390203","2528625","",
"Paraguay","PRY","Fixed broadband Internet subscribers","IT.NET.BBND","","","","","","","","","","","","","","","","","","","","","","","","","","","","","","","","","","","","","","","","","150","300","500","500","3050","5600","6000","8600","12800","15800","28147","61824","79658","107788","",
"Pacific island small states","PSS","Fixed broadband Internet subscribers","IT.NET.BBND","","","","","","","","","","","","","","","","","","","","","","","","","","","","","","","","","","","","","","","","","","0","11","43","739","8837","10820","14531","16698","17537","29895","29205","19924","20082","",
"French Polynesia","PYF","Fixed broadband Internet subscribers","IT.NET.BBND","","","","","","","","","","","","","","","","","","","","","","","","","","","","","","","","","","","","","","","","","","25","32","946","4551","11000","18234","23600","27671","30030","32247","36000","40200","44900","",
"Qatar","QAT","Fixed broadband Internet subscribers","IT.NET.BBND","","","","","","","","","","","","","","","","","","","","","","","","","","","","","","","","","","","","","","","0","0","0","0","228","2991","10915","25609","46773","86959","104235","141315","144057","163000","183680","215487","",
"Romania","ROU","Fixed broadband Internet subscribers","IT.NET.BBND","","","","","","","","","","","","","","","","","","","","","","","","","","","","","","","","","","","","","","","","","","6000","15800","196106","104265","377090","1090000","1920000","2490000","2790000","2980000","3263000","3518000","3760000","",
"Russian Federation","RUS","Fixed broadband Internet subscribers","IT.NET.BBND","","","","","","","","","","","","","","","","","","","","","","","","","","","","","","","","","","","","","","","0","0","0","0","11000","343000","675000","1589000","2900000","4900000","9280000","12900000","15700000","17420161","20703653","23734354","",
"Rwanda","RWA","Fixed broadband Internet subscribers","IT.NET.BBND","","","","","","","","","","","","","","","","","","","","","","","","","","","","","","","","","","","","","","","","","","0","0","0","1148","1180","1704","2543","1120","2214","2640","4994","2716","2781","",
"South Asia","SAS","Fixed broadband Internet subscribers","IT.NET.BBND","","","","","","","","","","","","","","","","","","","","","","","","","","","","","","","","","","","","","","","0","0","0","50327","83191","144282","256367","1387080","2357243","3303933","5610311","8570108","12248430","15042157","17068659","17281907","",
"Saudi Arabia","SAU","Fixed broadband Internet subscribers","IT.NET.BBND","","","","","","","","","","","","","","","","","","","","","","","","","","","","","","","","","","","","","","","0","0","","14000","34782","45982","68700","67798","218176","623116","1048098","1342838","1496607","1576976","1965751","2111829","",
"Sudan","SDN","Fixed broadband Internet subscribers","IT.NET.BBND","","","","","","","","","","","","","","","","","","","","","","","","","","","","","","","","","","","","","","","","","","0","0","0","793","1269","2065","42500","44625","","13500","17430","24789","44662","",
"Senegal","SEN","Fixed broadband Internet subscribers","IT.NET.BBND","","","","","","","","","","","","","","","","","","","","","","","","","","","","","","","","","","","","","","","","","","0","1200","2383","7665","18028","28926","38132","47358","58720","78647","92713","95561","106733","",
"Singapore","SGP","Fixed broadband Internet subscribers","IT.NET.BBND","","","","","","","","","","","","","","","","","","","","","","","","","","","","","","","","","","","","","","0","10000","30000","69000","151000","270000","417100","545200","656200","787900","896200","1023800","1170800","1268800","1330000","1349200","1390800","",
"Solomon Islands","SLB","Fixed broadband Internet subscribers","IT.NET.BBND","","","","","","","","","","","","","","","","","","","","","","","","","","","","","","","","","","","","","","","","","","0","0","0","200","450","650","1000","1500","2000","2522","2430","2132","1884","",
"Sierra Leone","SLE","Fixed broadband Internet subscribers","IT.NET.BBND","","","","","","","","","","","","","","","","","","","","","","","","","","","","","","","","","","","","","","","","","","","0","0","0","0","0","0","","","","","","","",
"El Salvador","SLV","Fixed broadband Internet subscribers","IT.NET.BBND","","","","","","","","","","","","","","","","","","","","","","","","","","","","","","","","","","","","","","","","","","0","0","19601","29321","42314","61484","89761","123469","149406","175274","206000","242100","282339","",
"San Marino","SMR","Fixed broadband Internet subscribers","IT.NET.BBND","","","","","","","","","","","","","","","","","","","","","","","","","","","","","","","","","","","","","","","","","","","","600","1076","1220","1480","1599","4900","5446","5992","6538","9902","10231","",
"Somalia","SOM","Fixed broadband Internet subscribers","IT.NET.BBND","","","","","","","","","","","","","","","","","","","","","","","","","","","","","","","","","","","","","","","","","","0","0","0","0","0","0","0","0","","","","40000","60000","",
"Serbia","SRB","Fixed broadband Internet subscribers","IT.NET.BBND","","","","","","","","","","","","","","","","","","","","","","","","","","","","","","","","","","","","","","","","","","","","","","33486","121727","325730","457181","590586","801587","916653","1001964","1073502","",
"Sub-Saharan Africa (developing only)","SSA","Fixed broadband Internet subscribers","IT.NET.BBND","","","","","","","","","","","","","","","","","","","","","","","","","","","","","","","","","","","","","","","","","","802","7120","32232","86389","221379","478512","659263","784270","896831","1279641","1551624","1989341","2892510","",
"South Sudan","SSD","Fixed broadband Internet subscribers","IT.NET.BBND","","","","","","","","","","","","","","","","","","","","","","","","","","","","","","","","","","","","","","","","","","","","","","","","","","","2","4","17","100","",
"Sub-Saharan Africa (all income levels)","SSF","Fixed broadband Internet subscribers","IT.NET.BBND","","","","","","","","","","","","","","","","","","","","","","","","","","","","","","","","","","","","","","","","","","802","7120","32232","86389","221559","478692","659443","784450","897011","1280827","1552970","1990821","2896028","",
"Small states","SST","Fixed broadband Internet subscribers","IT.NET.BBND","","","","","","","","","","","","","","","","","","","","","","","","","","","","","","","","","","","","","","","","","","7635","21689","58406","95769","164485","240652","331407","474314","615350","720614","807740","890159","1001799","",
"Sao Tome and Principe","STP","Fixed broadband Internet subscribers","IT.NET.BBND","","","","","","","","","","","","","","","","","","","","","","","","","","","","","","","","","","","","","","","","","0","0","0","0","0","0","125","308","344","443","585","737","778","978","",
"Suriname","SUR","Fixed broadband Internet subscribers","IT.NET.BBND","","","","","","","","","","","","","","","","","","","","","","","","","","","","","","","","","","","","","","","","","","0","94","216","420","1107","2656","4205","5754","8565","15143","23160","29268","37095","",
"Slovak Republic","SVK","Fixed broadband Internet subscribers","IT.NET.BBND","","","","","","","","","","","","","","","","","","","","","","","","","","","","","","","","","","","","","","","","","","0","4083","22461","78764","181538","304615","472020","519883","627722","694414","746727","798387","845997","",
"Slovenia","SVN","Fixed broadband Internet subscribers","IT.NET.BBND","","","","","","","","","","","","","","","","","","","","","","","","","","","","","","","","","","","","","","","","","","5500","56735","57992","115069","196650","279814","344677","425294","449030","467369","487648","501973","517260","",
"Sweden","SWE","Fixed broadband Internet subscribers","IT.NET.BBND","","","","","","","","","","","","","","","","","","","","","","","","","","","","","","","","","","","","","","","0","0","249000","587000","840000","1095000","1410000","2522000","2489000","2775626","2898937","2941648","2996707","3024739","3069880","3115700","",
"Swaziland","SWZ","Fixed broadband Internet subscribers","IT.NET.BBND","","","","","","","","","","","","","","","","","","","","","","","","","","","","","","","","","","","","","","","0","0","0","0","0","0","0","0","0","0","772","1504","1970","2778","3429","4200","",
"Sint Maarten (Dutch part)","SXM","Fixed broadband Internet subscribers","IT.NET.BBND","","","","","","","","","","","","","","","","","","","","","","","","","","","","","","","","","","","","","","","","","","","","","","","","","","","","","","","",
"Seychelles","SYC","Fixed broadband Internet subscribers","IT.NET.BBND","","","","","","","","","","","","","","","","","","","","","","","","","","","","","","","","","","","","","","","","","","0","0","0","349","948","2475","2856","2740","3929","6278","9000","10189","12013","",
"Syrian Arab Republic","SYR","Fixed broadband Internet subscribers","IT.NET.BBND","","","","","","","","","","","","","","","","","","","","","","","","","","","","","","","","","","","","","","","","","","0","0","0","600","2700","5218","6957","11055","34657","69817","121300","242154","346146","",
"Turks and Caicos Islands","TCA","Fixed broadband Internet subscribers","IT.NET.BBND","","","","","","","","","","","","","","","","","","","","","","","","","","","","","","","","","","","","","","","","","","","","","","","","","","","","","","","",
"Chad","TCD","Fixed broadband Internet subscribers","IT.NET.BBND","","","","","","","","","","","","","","","","","","","","","","","","","","","","","","","","","","","","","","","","","","0","0","0","0","0","0","0","0","297","331","15799","19454","14790","",
"Togo","TGO","Fixed broadband Internet subscribers","IT.NET.BBND","","","","","","","","","","","","","","","","","","","","","","","","","","","","","","","","","","","","","","","","","","0","0","0","0","0","0","1201","1911","2693","3852","5181","7026","6915","",
"Thailand","THA","Fixed broadband Internet subscribers","IT.NET.BBND","","","","","","","","","","","","","","","","","","","","","","","","","","","","","","","","","","","","","","","0","0","0","1613","","11611","164775","555495","893548","1293341","2072799","2624278","3251851","3822000","4352000","4926000","",
"Tajikistan","TJK","Fixed broadband Internet subscribers","IT.NET.BBND","","","","","","","","","","","","","","","","","","","","","","","","","","","","","","","","","","","","","","","","","","0","0","10","","","","3645","3658","4400","4700","5020","5400","5800","",
"Turkmenistan","TKM","Fixed broadband Internet subscribers","IT.NET.BBND","","","","","","","","","","","","","","","","","","","","","","","","","","","","","","","","","","","","","","","","","","","","","","","","","75","465","723","1100","1400","1800","",
"Timor-Leste","TLS","Fixed broadband Internet subscribers","IT.NET.BBND","","","","","","","","","","","","","","","","","","","","","","","","","","","","","","","","","","","","","","","","","","0","0","9","13","22","29","50","71","471","500","550","600","700","",
"Tonga","TON","Fixed broadband Internet subscribers","IT.NET.BBND","","","","","","","","","","","","","","","","","","","","","","","","","","","","","","","","","","","","","","","","","","0","11","22","334","645","633","780","721","1000","1100","1300","1500","1700","",
"Trinidad and Tobago","TTO","Fixed broadband Internet subscribers","IT.NET.BBND","","","","","","","","","","","","","","","","","","","","","","","","","","","","","","","","","","","","","","","","","","0","176","884","4233","10803","20613","35491","85447","125565","145028","154987","183957","195212","",
"Tunisia","TUN","Fixed broadband Internet subscribers","IT.NET.BBND","","","","","","","","","","","","","","","","","","","","","","","","","","","","","","","","","","","","","","","","","0","0","26","259","2839","17573","43845","95916","227303","372818","481810","558943","527915","524631","",
"Turkey","TUR","Fixed broadband Internet subscribers","IT.NET.BBND","","","","","","","","","","","","","","","","","","","","","","","","","","","","","","","","","","","","","","","0","0","0","10915","21205","199324","577931","1589768","2773685","4753757","5749891","6443212","7087694","7580562","7858170","8382811","",
"Tuvalu","TUV","Fixed broadband Internet subscribers","IT.NET.BBND","","","","","","","","","","","","","","","","","","","","","","","","","","","","","","","","","","","","","","","","","","0","0","0","50","150","250","270","290","100","240","450","550","700","",
"Tanzania","TZA","Fixed broadband Internet subscribers","IT.NET.BBND","","","","","","","","","","","","","","","","","","","","","","","","","","","","","","","","","","","","","","","","","","0","0","0","0","1495","1795","2154","2585","2841","3150","26943","39805","51903","",
"Uganda","UGA","Fixed broadband Internet subscribers","IT.NET.BBND","","","","","","","","","","","","","","","","","","","","","","","","","","","","","","","","","","","","","","","","","","0","0","0","0","850","1210","1860","4798","6000","14000","35514","38400","41500","",
"Ukraine","UKR","Fixed broadband Internet subscribers","IT.NET.BBND","","","","","","","","","","","","","","","","","","","","","","","","","","","","","","","","","","","","","","","","","","","0","0","0","130000","520000","800000","1600000","1906725","2954556","3169396","3643460","3994831","",
"Upper middle income","UMC","Fixed broadband Internet subscribers","IT.NET.BBND","","","","","","","","","","","","","","","","","","","","","","","","","","","","","","","","","","","","","","","1000","","155766","925308","4821583","14128840","32110449","49063223","70596750","97662279","125371736","155308772","187931935","229272997","256761228","279789530","",
"Uruguay","URY","Fixed broadband Internet subscribers","IT.NET.BBND","","","","","","","","","","","","","","","","","","","","","","","","","","","","","","","","","","","","","","","","","","0","0","0","27000","48539","92914","152040","227652","300827","367480","455197","563108","719966","",
"United States","USA","Fixed broadband Internet subscribers","IT.NET.BBND","","","","","","","","","","","","","","","","","","","","","","","","","","","","","","","","","","","","","","","705900","2754286","7069874","12792812","19881549","27744342","37352520","51156350","60237701","70206000","75707000","78349000","82759000","86445000","90341000","91342000","",
"Uzbekistan","UZB","Fixed broadband Internet subscribers","IT.NET.BBND","","","","","","","","","","","","","","","","","","","","","","","","","","","","","","","","","","","","","","","","","","0","0","2757","5514","8271","8639","19180","65960","88735","118000","147760","212729","306300","",
"St. Vincent and the Grenadines","VCT","Fixed broadband Internet subscribers","IT.NET.BBND","","","","","","","","","","","","","","","","","","","","","","","","","","","","","","","","","","","","","","","0","0","0","81","1086","1146","1320","3647","5618","7972","9364","11507","12502","13249","13616","14604","",
"Venezuela, RB","VEN","Fixed broadband Internet subscribers","IT.NET.BBND","","","","","","","","","","","","","","","","","","","","","","","","","","","","","","","","","","","","","","","0","","4473","31263","73087","112306","205068","351610","533319","853804","1092329","1343610","1625406","1781906","2007540","2222832","",
"Virgin Islands (U.S.)","VIR","Fixed broadband Internet subscribers","IT.NET.BBND","","","","","","","","","","","","","","","","","","","","","","","","","","","","","","","","","","","","","","","","","","0","0","0","1484","2967","","5933","7416","9000","9100","","","9100","",
"Vietnam","VNM","Fixed broadband Internet subscribers","IT.NET.BBND","","","","","","","","","","","","","","","","","","","","","","","","","","","","","","","","","","","","","","","","","","0","1076","9180","52709","210024","516569","1294111","2048953","3214179","3669321","3838206","4446600","5151400","",
"Vanuatu","VUT","Fixed broadband Internet subscribers","IT.NET.BBND","","","","","","","","","","","","","","","","","","","","","","","","","","","","","","","","","","","","","","","","","","0","0","15","23","59","95","130","200","500","500","337","310","300","",
"West Bank and Gaza","PSE","Fixed broadband Internet subscribers","IT.NET.BBND","","","","","","","","","","","","","","","","","","","","","","","","","","","","","","","","","","","","","","","","","","0","0","0","18","7463","27172","55648","","","","155964","186380","203682","",
"World","WLD","Fixed broadband Internet subscribers","IT.NET.BBND","","","","","","","","","","","","","","","","","","","","","","","","","","","","","","","","","","","","","","","1028788","","15890822","37069250","66067070","103732225.33","158118965","219953714","284488369","346417978","410875623","468149531","526552381","588006512","636480417","674358486","",
"Samoa","WSM","Fixed broadband Internet subscribers","IT.NET.BBND","","","","","","","","","","","","","","","","","","","","","","","","","","","","","","","","","","","","","","","","","","0","0","0","32","65","98","130","160","200","200","","","200","",
"Yemen, Rep.","YEM","Fixed broadband Internet subscribers","IT.NET.BBND","","","","","","","","","","","","","","","","","","","","","","","","","","","","","","","","","","","","","","","","","","0","0","0","0","1498","2781","11000","26000","54000","84000","109000","167300","256800","",
"South Africa","ZAF","Fixed broadband Internet subscribers","IT.NET.BBND","","","","","","","","","","","","","","","","","","","","","","","","","","","","","","","","","","","","","","","","","","","2669","20313","60000","165290","335112","378000","426000","481000","743000","907000","1107200","1615210","",
"Congo, Dem. Rep.","COD","Fixed broadband Internet subscribers","IT.NET.BBND","","","","","","","","","","","","","","","","","","","","","","","","","","","","","","","","","","","","","","","","","","0","0","1000","1450","1500","1500","3000","4500","6799","","","5059","4621","",
"Zambia","ZMB","Fixed broadband Internet subscribers","IT.NET.BBND","","","","","","","","","","","","","","","","","","","","","","","","","","","","","","","","","","","","","","","","","21","31","48","91","250","250","2339","4000","5703","10702","10267","15902","14794","10850","",
"Zimbabwe","ZWE","Fixed broadband Internet subscribers","IT.NET.BBND","","","","","","","","","","","","","","","","","","","","","","","","","","","","","","","","","","","","","","","","","","771","2847","6386","8967","10185","10200","15210","18000","29130","33000","34000","71445","103574","",
